the	The cat is on the roof.
of	This is a cup of tea.
and	I like bread and butter.
to	We go to school.
a	She has a red car.
in	The keys are in the bag.
for	This gift is for you.
on	The book is on the table.
that	I know that man.
by	He sat by the window.
this	This is my favorite song.
with	I came with my friend.
i	I love to read.
you	You are very kind.
it	It looks nice today.
not	I do not want that.
or	Do you want tea or coffee?
be	Please be quiet.
from	She is from Spain.
at	We met at noon.
as	I saw him as I left.
your	Is this your book?
all	All the kids are here.
have	We have two cats.
new	She bought a new car.
more	Please give me more time.
we	We are going now.
will	He will call later.
home	I am home now.
can	You can do it.
us	They came with us.
about	Tell me about it.
if	Call me if you can.
page	Turn to page ten.
my	This is my seat.
search	I will search for it.
free	The app is free.
but	I like it but it’s loud.
our	Our house is small.
one	I have one brother.
other	Show me the other option.
do	I do my homework every day.
no	There is no milk left.
information	She gave me useful information.
time	What time is the meeting?
they	They are coming tomorrow.
site	The construction site is busy.
he	He likes to read books.
up	Please pick up your toys.
may	May I use your phone?
what	What is your favorite color?
which	Which coat is yours?
their	Their dog is very friendly.
news	The news was surprising.
out	Let’s go out for lunch.
use	Can I use your pen?
any	Do you have any questions?
there	There is a cat outside.
see	I see the moon tonight.
only	She is the only one here.
so	I am so tired today.
his	His dog is very friendly.
when	When will you arrive?
contact	Please contact me by email.
here	We can sit here.
business	She runs a small business.
who	Who is at the door?
web	The web has many answers.
also	I also like tea.
now	We need to leave now.
help	Can you help me move?
get	I will get some water.
view	The view from here is nice.
online	I bought it online.
first	This is my first visit.
would	Would you like some coffee?
how	How did you do that?
me	Please give me the book.
some	I need some more time.
click	Click the button to start.
its	Its color is bright blue.
like	I like this song a lot.
service	The service here is fast.
than	She is taller than me.
find	Can you find my keys?
price	The price is too high.
date	What is the date today?
back	Please come back soon.
top	The top shelf is empty.
people	Many people like pizza.
list	Make a list of tasks.
name	My name is Anna.
just	I just ate lunch.
over	The game is over now.
state	Texas is a big state.
year	Next year will be fun.
day	Today is a good day.
into	He walked into the room.
email	Send me an email later.
two	I have two cats.
health	Good health is important for everyone.
world	The world is a big place.
next	We will meet next week.
used	She used my pen yesterday.
go	I go to school by bus.
work	He has a lot of work today.
last	This is the last cookie.
most	Most kids like ice cream.
music	Music makes me happy.
buy	I want to buy a new book.
data	The data shows a clear trend.
make	Can you make a cake?
them	I called them this morning.
should	You should drink more water.
product	This product is very popular.
system	The new system works well.
post	Please post this letter.
her	I gave her a gift.
city	The city is very busy.
add	Add some salt to the soup.
policy	The company changed its policy on refunds.
number	Please write your phone number here.
such	I have never seen such a beautiful sunset.
please	Please close the door quietly.
available	The new book is available now.
support	I need your support for this plan.
message	She left a message on my phone.
after	We will eat after the movie.
best	This is the best cake I have tried.
software	The software needs an update.
then	We went home, then watched TV.
good	That was a good movie.
video	I watched a funny video online.
well	She sings very well.
where	Where did you put my keys?
public	The park is open to the public.
high	The shelf is too high for me.
school	My brother goes to school by bus.
through	We walked through the forest.
each	Each student got a new book.
she	She is my best friend.
review	I wrote a review of the movie.
order	Please order the pizza now.
very	The soup is very hot.
privacy	Your privacy matters to us.
book	I borrowed a book from the library.
company	She works for a big company.
read	I read a story every night.
group	Our group meets on Fridays.
sex	The form asks for your sex.
need	I need a glass of water.
many	Many people came to the party.
user	Each user has a password.
set	Set the table for dinner.
under	The cat is under the chair.
general	The general idea is simple.
research	She does research on plants.
university	He studies at the university.
january	January is the first month.
mail	I will mail this letter today.
full	The glass is full of water.
map	Please show me the map.
program	This program runs very fast.
life	Life is short and sweet.
know	I know the answer.
way	Show me the way home.
management	Management approved the new plan.
part	That part is missing.
could	Could you help me?
great	We had a great time.
united	They are united as one team.
hotel	The hotel is near the beach.
real	Is this real gold?
item	This item is on sale.
international	She works for an international company.
center	The center of town is busy.
must	You must wear a seatbelt.
store	The store opens at nine.
travel	We travel by train.
development	The development of the city continues.
report	Please write a report on the sales.
off	Turn off the lights before leaving.
member	She is a member of the club.
line	Please stand in line.
before	Wash your hands before dinner.
send	Send me the file by email.
right	Turn right at the corner.
type	What type of music do you like?
because	I stayed home because it rained.
local	We bought bread from the local bakery.
office	He works in the main office.
education	Education is important for children.
national	The national team won the game.
car	My car is parked outside.
design	She will design a new logo.
take	Take an umbrella with you.
internet	The internet is down today.
address	Write your address on the form.
community	The community built a new park.
within	Finish the task within one hour.
area	The kitchen area is very small.
want	I want a cup of tea.
phone	My phone battery is dead.
dvd	We watched a DVD last night.
subject	Math is my favorite subject.
between	The park sits between two roads.
family	My family eats dinner together.
long	The movie was too long.
based	The story is based on true events.
code	Enter the code to unlock the door.
show	Can you show me the way?
o	The letter O looks like a circle.
even	Even the dog was tired.
black	She wore a black dress.
check	Please check your answers.
special	Today is a special day.
website	I found it on that website.
being	She enjoys being outside.
much	How much does it cost?
sign	Please sign your name here.
file	Please find the file on my desk.
link	Click the link to see the map.
open	Open the window, please.
today	Today is a sunny day.
technology	Technology changes fast.
south	The birds fly south.
case	Put the book in the case.
project	Our project is due Friday.
same	We wear the same shirt.
version	This is the new version.
section	Read the last section.
own	I own a small car.
found	She found a coin.
house	Their house is white.
related	These topics are related.
security	Security checks our bags.
both	Both answers are wrong.
county	He lives in this county.
photo	Take a photo of us.
game	Let’s play a game.
power	The power went out last night.
while	She read while he cooked.
care	Please care for the plants.
network	The network is down again.
down	He walked down the hill.
computer	My computer is very slow.
three	I have three cats.
total	The total cost is ten dollars.
place	Put the book in its place.
end	The movie has a happy end.
following	The following day was rainy.
download	I will download the file.
him	I saw him at the store.
without	She left without her keys.
per	The price is five dollars per pound.
access	You need a key for access.
think	I think it will rain.
north	The birds fly north in spring.
current	The current is strong today.
big	That is a big dog.
media	The media covered the event live.
law	The law requires a license to drive.
control	She tried to control her anger.
water	Please water the plants today.
history	We studied ancient history in class.
size	This shirt is the wrong size.
art	She loves modern art.
personal	That is my personal opinion.
since	I have been here since noon.
including	Everyone came, including the boss.
guide	He will guide us through the forest.
shop	I need to shop for groceries.
board	The board approved the new budget.
location	The map shows our exact location.
change	Can you change a ten-dollar bill?
white	She wore a white dress.
text	Please send me the text.
small	The puppy is very small.
rate	The interest rate is low.
government	The government announced new rules.
during	The store is closed during the holiday.
return	Please return the book to the library.
shopping	We are shopping for new shoes.
account	She checked her bank account online.
level	The water level is rising fast.
digital	This camera takes digital photos.
profile	He updated his profile picture.
previous	I missed the previous meeting.
form	Please fill out this form.
love	I love my new puppy.
old	That old clock still works.
main	The main road is closed.
call	I will call you tonight.
image	The image is very clear.
department	She works in the sales department.
title	What is the title of the book?
description	Give a short description of the scene.
insurance	Car insurance is expensive here.
another	Can I have another cookie?
why	Why did you leave early?
shall	You shall go to the store.
property	This property is for sale.
class	Our class starts at nine.
cd	I found an old cd in the drawer.
still	She is still sleeping.
money	He needs more money.
quality	The quality is very good.
every	Every student passed the test.
content	The content of the book is interesting.
country	Italy is a beautiful country.
private	This is a private meeting.
little	The little dog barked.
visit	We will visit grandma soon.
save	Please save some cake for me.
low	The shelf is too low.
reply	Please reply to my email.
customer	The customer asked for help.
december	My birthday is in december.
compare	Compare these two prices.
include	Please include your name.
college	She visited her brother at college.
value	This ring has great value to me.
article	I read an article about space.
man	The man waved from the bus.
card	He handed me a blue card.
provide	They provide water for the team.
food	The food at that café is tasty.
source	The river is the source of power.
author	The author signed my book.
different	We took a different route home.
press	Press the button to start.
learn	Children learn by playing.
sale	The store is having a big sale.
around	We walked around the lake.
print	Please print the document twice.
course	The golf course is very green.
job	She found a new job in town.
process	This process takes two hours.
room	The room has a large window.
stock	The stock price went up today.
training	She starts her training at nine.
too	This shirt is too small for me.
credit	I used my credit card to pay.
point	Please point to the map.
join	You can join our club today.
science	Science class is my favorite.
advanced	He took an advanced math course.
west	The sun sets in the west.
look	Look at that beautiful bird.
left	She left her keys at home.
team	Our team won the game.
estate	They bought a new estate.
box	Put the toys in that box.
select	Select the blue button.
week	I will see you next week.
category	This book is in the fiction category.
note	Please note the time change.
live	They live near the park.
large	He ordered a large pizza.
gallery	The art gallery opens at ten.
table	Please set the book on the table.
register	I need to register for the class.
however	I like it; however, it is costly.
june	My birthday is in June.
october	October is my favorite month.
november	We travel in November.
market	She buys fruit at the market.
library	He studies at the library.
really	I really enjoy this song.
action	The movie was full of action.
start	Let’s start the meeting now.
series	I watched a new series.
model	This car is a new model.
air	The air feels fresh today.
industry	She works in the tech industry.
plan	We plan to leave early.
human	Every human needs water.
tv	The TV is too loud.
yes	Yes, I agree with you.
second	Wait one second, please.
hot	The soup is too hot to eat.
cost	How much does this shirt cost?
movie	We watched a movie last night.
march	The soldiers march in the parade.
september	School starts in September.
better	I feel better today than yesterday.
say	Please say your name clearly.
july	We go to the beach in July.
medical	She needs medical attention now.
test	I have a math test tomorrow.
friend	My friend lives next door.
come	Please come to my party.
study	I study English every evening.
application	Fill out this job application.
staff	The staff is very friendly.
feedback	Thanks for your helpful feedback.
again	Can you say that again?
play	The children play outside.
april	My birthday is in April.
never	I never eat spicy food.
complete	The project is complete and ready to ship.
street	The street was quiet at midnight.
topic	We discussed a new topic in class.
comment	She left a kind comment on my post.
financial	He needs financial help for college.
working	She is working late tonight.
against	They voted against the new rule.
standard	This is the standard way to do it.
tax	The tax on food is low here.
person	That person is my neighbor.
below	The answer is below the chart.
less	I have less time than you.
blog	I read her blog every morning.
party	We are hosting a party on Friday.
payment	Your payment is due tomorrow.
equipment	The gym equipment is new.
student	That student studies very hard.
let	Please let me help you.
legal	It is legal to park here.
above	The sign is above the door.
recent	I read a recent article about space.
park	We walked through the park after lunch.
side	The cat sat on the sunny side of the house.
act	Her kind act made everyone smile.
problem	That math problem is too hard for me.
red	She wore a bright red dress to the party.
give	Please give me the blue pen.
memory	My earliest memory is of my grandmother.
performance	The band's performance was amazing last night.
social	He is very social at school events.
august	August is the hottest month here.
quote	She wrote a famous quote on the board.
language	English is my favorite language to learn.
story	Tell me a short story before bed.
sell	They sell fresh fruit at the market.
experience	Traveling gave me a new experience.
create	We can create a simple drawing together.
key	This key opens the front door.
body	Exercise keeps your body strong.
young	The young puppy slept all day.
important	This is an important meeting.
field	The cows are in the field.
few	I have few friends here.
east	The sun rises in the east.
paper	I need a piece of paper.
single	She is single and happy.
age	What is your age?
club	We joined the chess club.
example	Give me one example.
additional	We need additional time.
latest	Have you seen the latest news?
something	I want something to eat.
road	The road is very long.
gift	This gift is for you.
question	I have a quick question.
night	The night is quiet.
hard	This test is hard.
pay	Please pay at the counter.
four	There are four chairs.
status	Check your order status.
issue	Please tell me about the issue.
range	The mountains range far to the north.
building	That building is very tall.
court	The court will meet at nine.
february	February is the shortest month.
always	She always smiles at me.
result	The result was a tie.
light	Turn on the light, please.
write	I write in my journal.
war	The war lasted four years.
offer	They offer free coffee.
blue	The sky is blue today.
easy	This test is easy.
event	The event starts at noon.
release	They will release the new song.
analysis	Her analysis was clear.
request	I request more time.
picture	I took a picture of you.
possible	It is possible to win.
might	It might rain later.
professional	She hired a professional to fix the leak.
yet	The movie was long, yet I enjoyed it.
month	We visit our grandparents once a month.
major	Her major is biology at the university.
star	The star shone brightly in the night sky.
future	I hope to travel more in the future.
space	We need more space in this room.
committee	The committee will meet on Friday.
hand	He raised his hand to ask a question.
sun	The sun feels warm on my skin.
meeting	The meeting starts at nine o'clock.
become	She wants to become a doctor.
interest	He has a strong interest in history.
child	The child played with a red ball.
keep	Please keep the door closed.
enter	You may enter the room now.
share	Can you share your snack with me?
similar	These two shirts are very similar.
garden	My mother grows tomatoes in the garden.
million	The city has over a million people.
reference	Check the reference book for the answer.
baby	The baby is sleeping in the crib.
learning	She enjoys learning new languages.
energy	I need more energy this morning.
run	We run in the park every day.
delivery	The delivery arrived at noon.
net	The net caught the ball.
popular	That song is very popular now.
term	This term ends in June.
film	We watched a film last night.
put	Please put the keys on the table.
journal	She writes in her journal daily.
try	Try this new recipe tonight.
welcome	Welcome to our home.
central	The central station is busy.
president	The president gave a speech.
notice	Did you notice the sign?
god	They prayed to god.
original	This is the original painting.
head	He hit his head on the door.
radio	I listen to the radio every morning.
until	Wait here until I come back.
cell	The prisoner stayed in a small cell.
color	Red is my favorite color.
self	She learned to be her true self.
council	The city council meets on Tuesday.
away	He walked away without saying goodbye.
track	We ran around the track five times.
discussion	Our discussion about the plan lasted an hour.
once	I once lived in New York.
entertainment	The movie is pure entertainment.
agreement	They signed an agreement to share costs.
least	At least we tried our best.
society	Modern society relies on technology.
safety	Wear a helmet for your safety.
sure	I am sure the train leaves at noon.
trade	The two countries signed a trade deal.
edition	This edition of the book has new photos.
marketing	Good marketing helps sell products.
tell	Please tell me the truth.
further	We need to discuss this further.
association	The association meets every month.
able	She is able to swim fast.
fun	The party was a lot of fun.
already	I already finished my homework.
green	The grass is very green.
close	Please close the door softly.
common	That name is very common here.
drive	Can you drive me to school?
specific	He gave a specific answer.
several	I have several books to read.
gold	The ring is made of gold.
living	My living room is cozy.
collection	His coin collection is huge.
short	The movie was quite short.
lot	We have a lot of work.
ask	I need to ask a question.
display	The store will display new items.
limited	The offer is limited to today.
means	This word means something else.
director	The director called a meeting for tomorrow.
daily	She reads the news daily.
beach	We walked along the sandy beach.
past	He drove past the old school.
natural	The park has natural beauty.
whether	I wonder whether it will rain.
due	The report is due on Friday.
five	There are five apples on the table.
upon	The cat jumped upon the shelf.
period	The class lasts one period.
planning	She is planning a big party.
official	The official signed the document.
weather	The weather turned cold tonight.
land	The farmer owns a lot of land.
average	His test score was above average.
technical	The manual has technical details.
window	Open the window for fresh air.
region	This region is known for wine.
island	They sailed to a small island.
record	She set a new record in running.
direct	Please go to the direct exit.
conference	The conference starts at nine.
environment	This office has a calm environment.
district	She lives in the school district.
style	I like your new hair style.
front	Please sit in the front row.
statement	He gave a short statement.
update	Can you update the file?
ever	Have you ever been there?
early	We left early this morning.
sound	That sound is very loud.
resource	Water is a vital resource.
present	She is present today.
either	You can choose either one.
ago	He left two hours ago.
document	Please sign this document.
word	That word is hard to spell.
material	This jacket is made of soft material.
bill	I paid the electric bill.
written	Her report is well written.
talk	Let's talk about your plans for tomorrow.
federal	The federal government passed a new law.
final	This is the final warning before you leave.
adult	An adult must sign this permission form.
thing	That thing on the shelf is broken.
via	We traveled to the city via train.
cheap	This jacket was really cheap on sale.
finance	She works in finance at a big bank.
true	Is it true that you moved away?
else	Do you want anything else from the store?
mark	Please mark the correct answer on the sheet.
third	He finished third in the race.
rock	The kids threw a rock into the lake.
reading	I am reading a book about space.
bad	The weather was bad all weekend.
individual	Each individual must bring their own lunch.
plus	Five plus three equals eight.
cover	Please cover the pot while it cooks.
usually	I usually wake up at seven.
edit	You can edit the document before printing.
together	We went to the store together.
percent	Fifty percent of the class passed.
fast	The train is very fast.
function	This button has a special function.
fact	It is a fact that the sun rises.
unit	This apartment is a rental unit.
global	Climate change is a global issue.
meet	Let’s meet at noon.
far	The station is far from here.
economic	The country faces economic problems.
player	She is a skilled tennis player.
often	He often walks to work.
submit	Please submit your form online.
amount	The amount of sugar is high.
watch	I watch the news every night.
included	The price included a free gift.
feel	I feel happy today.
though	Though tired, she kept working.
bank	I need to go to the bank.
risk	Driving fast is a risk.
thanks	She said thanks for the help.
everything	He lost everything in the fire.
various	We tried various methods to fix it.
production	The factory increased its production this year.
commercial	That commercial made me laugh.
weight	She checked her weight on the scale.
town	The town has one main street.
heart	His heart beats fast when he runs.
advertising	Advertising pays for most websites.
choose	You can choose any book you want.
treatment	The treatment for this illness is simple.
knowledge	Her knowledge of history is deep.
magazine	I read a magazine on the train.
error	The error was easy to fix.
camera	My camera takes great photos.
girl	The girl waved at her friend.
currently	I am currently working from home.
construction	The construction on the bridge is noisy.
clear	The sky is clear tonight.
golf	He plays golf every Sunday.
receive	Did you receive my email yesterday?
chapter	We read the final chapter tonight.
protection	Wear a helmet for head protection.
loan	She took a small loan from the bank.
wide	The river is very wide here.
beauty	The sunset’s beauty amazed everyone.
manager	Our manager approved the new schedule.
position	He applied for a teaching position.
sort	What sort of music do you like?
half	I ate half of the pizza.
step	Be careful on that icy step.
engineering	She studies civil engineering at college.
simple	The instructions are simple and clear.
quick	Let’s take a quick break now.
none	None of the answers were correct.
license	He forgot his driver’s license at home.
friday	We have a meeting on Friday.
lake	The lake froze over last night.
whole	The whole team arrived early.
annual	The annual picnic is next month.
later	I will call you later today.
basic	The recipe is very basic.
corporate	She works in a corporate office.
church	We go to church on Sunday.
method	This method is easy to learn.
purchase	I need to purchase new shoes.
active	My dog is very active.
response	Her response was quick.
practice	You need more practice to improve.
figure	I can see a figure in the dark.
fire	Please do not play with fire.
holiday	We are going on holiday next week.
chat	Let’s chat after lunch.
enough	We have enough food for everyone.
along	Walk along the river path.
among	She sat among her friends.
death	The news of his death was sad.
writing	I am writing a letter now.
speed	The car increased its speed.
loss	The team felt a big loss.
face	She washed her face with cold water.
brand	Which brand of shoes do you like?
discount	The store gave me a discount on this shirt.
remember	I remember your birthday every year.
oil	Add some oil to the pan before cooking.
bit	He ate a bit of the cake.
yellow	The sunflowers are bright yellow.
political	They discussed a political issue at dinner.
increase	Prices will increase next month.
advertise	They advertise their products on TV.
base	The base of the lamp is heavy.
near	The school is near my house.
environmental	The environmental group cleaned the beach.
thought	She thought about the answer for long.
stuff	Put your stuff in the closet.
oh	Oh, I forgot my keys.
entry	The entry to the park is free.
stay	Please stay here until I return.
nature	We love walking in nature.
summary	The summary of the book is short.
turn	Please turn the page.
mean	What does this word mean?
growth	The plant showed fast growth.
agency	She works for a travel agency.
king	The king wore a gold crown.
monday	I have a meeting on Monday.
activity	Outdoor activity keeps us healthy.
copy	Can you copy this file?
although	Although it rained, we walked.
drug	The doctor prescribed a new drug.
western	We watched a western movie.
income	His income increased this year.
force	The wind can force the door open.
cash	I paid with cash.
employment	She found employment at a bank.
overall	Overall, the trip was great.
river	The river flows through the city.
commission	The commission approved the new plan.
ad	I saw an ad for shoes.
package	The package arrived this morning.
engine	The engine made a loud noise.
port	The ship entered the port.
album	She bought a new album today.
regional	They opened a regional office.
stop	Please stop at the red light.
administration	The administration changed the rules.
bar	He sat at the bar alone.
institute	She works at a research institute.
double	He ordered a double espresso.
dog	The dog ran across the yard.
build	They plan to build a house.
screen	The screen turned off suddenly.
exchange	We had an exchange of ideas.
soon	The bus will arrive soon.
electronic	This is an electronic device.
continue	Please continue with your story.
across	We walked across the bridge.
season	Winter is my favorite season.
apply	You can apply for the job.
someone	Someone left the door open.
anything	Do you have anything to eat?
printer	The printer is out of paper.
condition	The car is in good condition.
effective	This medicine is very effective.
believe	I believe you can do it.
organization	She works for a large organization.
effect	The rain had a calming effect.
mind	Please keep your mind on the task.
sunday	We go to church on Sunday.
selection	The store has a wide selection of shoes.
lost	I lost my keys this morning.
tour	We took a tour of the castle.
menu	The menu has many options.
volume	Turn down the volume, please.
cross	Don't cross the street here.
anyone	Is anyone home right now?
hope	I hope you feel better soon.
silver	She wore a silver necklace.
wish	I wish it would stop raining.
inside	The cat is inside the house.
solution	That solution fixed the problem quickly.
role	She played the main role in the play.
rather	I would rather stay home tonight.
addition	In addition, we need more time.
supply	The store has a good supply of water.
nothing	There is nothing in the box.
certain	I am certain the train leaves at noon.
executive	The executive approved the new plan.
running	He is running in the park now.
lower	Please lower the volume a bit.
necessary	Sleep is necessary for good health.
union	The union voted to strike today.
jewelry	She wore her grandmother’s jewelry.
according	According to the map, we turn left.
clothing	Warm clothing is important in winter.
particular	That particular book is my favorite.
fine	The weather is fine today.
hour	The meeting lasts one hour.
gas	The car needs more gas.
six	There are six apples on the table.
bush	The rabbit hid behind the bush.
advice	She gave me good advice.
career	He wants a career in science.
military	The military trains early each morning.
decision	Making a decision takes time.
leave	Please leave the door open.
huge	That elephant is huge.
woman	The woman smiled at us.
kind	Be kind to your neighbor.
middle	The ball landed in the middle.
move	We will move next month.
cable	The cable connects the TV.
division	The division won the contest.
tuesday	Our meeting is on Tuesday.
object	That shiny object is a coin.
appropriate	Wear appropriate shoes for hiking.
machine	The machine prints fast.
length	The rope’s length is ten feet.
actually	I actually like cold weather.
nice	Have a nice day.
score	She earned a perfect score on the test.
client	The client asked for a new design.
ok	Is it ok if I call you later?
capital	Paris is the capital of France.
follow	Please follow the instructions carefully.
sample	Can I try a sample of the cake?
investment	Their investment in stocks grew quickly.
saturday	We have a picnic on Saturday.
culture	The city has a rich culture.
band	The band played at the festival.
flash	A flash of lightning lit the sky.
lead	She will lead the meeting today.
choice	That was a good choice.
thursday	The meeting is on Thursday.
consumer	The consumer bought the new phone.
hi	Hi, how are you today?
airport	We arrived at the airport early.
foreign	She speaks two foreign languages.
artist	The artist painted a mural.
outside	The cat is outside in the yard.
furniture	We bought new furniture for the living room.
channel	She changed the channel to watch the news.
letter	He wrote a letter to his grandmother.
wednesday	Our meeting is scheduled for Wednesday morning.
structure	The bridge has a strong steel structure.
fund	They started a fund for local scholarships.
summer	Summer is my favorite season of the year.
allow	Please allow me to explain the situation.
degree	She earned a degree in biology.
contract	He signed a contract for the new job.
button	Press the red button to start the machine.
male	The male lion has a large mane.
matter	It doesn’t matter what we eat tonight.
custom	This car was built to custom specifications.
almost	We almost missed the train this morning.
located	The library is located near the park.
multiple	She has multiple tasks to finish today.
distribution	The distribution of supplies took two days.
editor	The editor corrected the article’s errors.
industrial	The industrial area is full of factories.
cause	The storm was the cause of the power outage.
potential	She has the potential to become a great leader.
song	He sang a happy song in the shower.
focus	Please focus on your homework now.
late	We arrived late for the movie.
fall	Leaves fall from the trees in autumn.
idea	That is a brilliant idea for the project.
female	The female lion watches over the cubs.
responsible	You are responsible for your own actions.
win	Our team hopes to win the championship.
associated	Smoking is associated with many health risks.
primary	His primary goal is to finish college.
cancer	Early detection can help treat cancer.
reason	The reason for the delay was heavy traffic.
tool	A hammer is a useful tool for building.
spring	Flowers bloom in the spring.
answer	Please write your answer on the paper.
voice	Her voice was calm and clear.
friendly	The dog gave a friendly wag of its tail.
schedule	Let’s check the train schedule online.
communication	Good communication helps teams work well together.
purpose	The purpose of this meeting is to plan.
feature	This phone has a new camera feature.
bed	The cat sleeps on my bed.
police	The police helped find the lost dog.
everyone	Everyone enjoyed the party last night.
independent	She is very independent and works alone.
approach	We need a new approach to solve this.
brown	He wore a brown jacket today.
physical	Physical exercise keeps you healthy.
hill	We walked up the steep hill.
medicine	Take this medicine after dinner.
deal	They made a fair deal on the car.
hold	Can you hold this bag for me?
glass	She drank water from a glass.
happy	I am happy to see you.
thank	I thank you for your help.
safe	Keep your passport in a safe place.
unique	Each snowflake is unique in shape.
survey	The survey asks about our habits.
telephone	I need to telephone my mother tonight.
sport	My favorite sport is basketball.
ready	Are you ready for the test?
feed	Please feed the cat before dinner.
animal	The animal ran across the road.
population	The city’s population is growing fast.
regular	He is a regular customer at that café.
secure	Make sure the door is secure.
therefore	It rained, therefore we stayed inside.
simply	She simply forgot her keys.
evidence	The police found new evidence.
station	We waited at the train station.
round	The ball is perfectly round.
favorite	Blue is my favorite color.
understand	I understand your question now.
option	We have another option to try.
master	He is a master of chess.
valley	The river flows through the valley.
recently	I recently started a new job.
probably	It will probably rain tomorrow.
sea	The boat sailed across the calm sea.
blood	The nurse checked his blood pressure.
cut	Please cut the paper in half.
worldwide	The event gained worldwide attention.
improve	She wants to improve her grades.
connection	The Wi-Fi connection is weak here.
hall	We met in the main hall.
earth	The earth shook during the quake.
impact	The storm had a huge impact.
transfer	I need to transfer money online.
introduction	Her introduction was very brief.
kitchen	The kitchen smells like fresh bread.
strong	He is strong enough to lift it.
wedding	The wedding was held outdoors.
hospital	He works at the city hospital.
ground	The ball hit the ground hard.
ship	The ship left the harbor at dawn.
disease	The disease spreads quickly.
excellent	That was an excellent meal.
perfect	The weather is perfect today.
hair	She brushed her hair before school.
opportunity	This job is a great opportunity for you.
classic	That movie is a classic.
basis	We meet on a weekly basis.
command	He gave a quick command to stop.
express	Please express your feelings clearly.
award	She won an award for her art.
distance	The distance between towns is short.
tree	The tree lost its leaves in autumn.
assessment	The teacher gave a quick assessment.
ensure	Please ensure the door is locked.
thus	He forgot his keys, thus he waited outside.
wall	The wall needs a fresh coat of paint.
involved	She was involved in the project.
extra	I packed an extra shirt.
especially	I love fruit, especially mangoes.
budget	We must stick to our budget.
success	Her hard work led to success.
maximum	The maximum speed is sixty miles.
operation	The operation lasted two hours.
quite	The movie was quite good.
boy	The boy threw the ball.
beautiful	She wore a beautiful dress.
warning	He ignored the storm warning.
wine	We shared a bottle of wine.
horse	The horse ran across the field.
vote	Please vote in the election.
forward	Please forward the email to me.
significant	This is a significant change.
owner	The owner of the store smiled.
useful	This tool is very useful.
directly	Go directly to the exit.
son	Her son plays the piano.
rule	The rule applies to everyone.
housing	The city needs more housing.
bring	Please bring your umbrella.
mother	My mother makes great soup.
authority	The authority approved the plan.
traffic	Traffic is heavy this morning.
strategy	Our strategy worked well.
agent	The agent called to confirm our appointment.
modern	This kitchen has a modern design.
senior	My senior advisor helped me choose classes.
teaching	She is teaching math to fifth graders.
door	Please close the door behind you.
grand	They live in a grand old house.
trial	The new drug is in a clinical trial.
charge	The battery needs a full charge.
instead	Let’s walk instead of driving.
cool	The water in the lake is cool.
normal	It’s normal to feel nervous.
entire	He read the entire book in one day.
educational	The museum trip was educational.
leading	She is the leading expert on bees.
metal	The bridge is made of metal.
positive	Keep a positive attitude during exams.
fitness	Regular fitness improves your health.
opinion	In my opinion, this movie is great.
football	We watch football every Sunday.
likely	It will likely rain tonight.
develop	They plan to develop a new app.
alternative	We need an alternative route home.
responsibility	She takes responsibility for her actions.
guest	Our guest arrives at noon.
publication	The publication comes out weekly.
pass	Please pass the salt.
trust	I trust your judgment.
van	The van is parked outside.
session	The training session starts soon.
photography	Her photography won an award.
vacation	We leave for vacation Friday.
century	This church is a century old.
academic	He has strong academic skills.
skin	The sun burned her skin.
expected	The train is expected at six.
ring	She wears a gold ring.
grade	He got a good grade.
mountain	The mountain is very high.
pop	I heard a loud pop.
vehicle	That vehicle is too fast.
consider	Please consider my idea before you decide.
northern	The northern wind feels very cold today.
behind	The cat is hiding behind the sofa.
panel	She touched the control panel gently.
floor	Please sit on the floor with us.
match	This sock does not match that one.
require	These plants require a lot of sunlight.
outdoor	We love outdoor games in summer.
deep	The lake is very deep here.
morning	I drink coffee every morning.
otherwise	Hurry up, otherwise we will be late.
rest	You need to rest after work.
plant	I will plant a tree tomorrow.
hit	He hit the ball hard.
transportation	Public transportation is cheap in this city.
pool	The kids swim in the pool.
politics	He avoids talking about politics.
partner	My partner helps me with cooking.
fish	We fish at the river on Sundays.
mission	Our mission is to help others.
eye	She has a blue eye.
string	The string is too short.
sense	That makes no sense.
pack	I packed a small bag.
stage	The actor walked on stage.
internal	The internal pain was sharp.
goods	The store sells goods.
born	She was born in May.
unless	We leave unless it rains.
detailed	He gave a detailed report.
race	The race starts at noon.
background	Her background is in science.
target	He hit the target.
except	Everyone came except Tom.
character	She has a strong character.
ability	His ability to sing is great.
maybe	Maybe we will go later.
pretty	That dress is pretty.
southern	They live in a southern town.
yourself	Help yourself to some cake.
winter	Winter here is very cold and snowy.
battery	My phone battery died quickly today.
youth	She spent her youth in a small town.
pressure	The pressure to succeed can be hard.
debt	He is trying to pay off his debt.
medium	The painting uses oil as its medium.
television	We watched a movie on television.
interested	I am interested in learning Spanish.
core	The apple’s core is not edible.
break	Take a short break after lunch.
throughout	The park is beautiful throughout the year.
dance	They love to dance at parties.
wood	The table is made of solid wood.
itself	The door closed by itself.
fee	There is a small fee for entry.
studio	She works in a music studio.
reader	The reader finished the book quickly.
virtual	We had a virtual meeting online.
device	This device tracks your steps.
rent	The rent for this apartment is high.
remote	The remote is on the table.
dark	The room was very dark.
external	The external door is locked.
apple	She ate a red apple.
theory	His theory sounds interesting.
enjoy	We enjoy walking outside.
remove	Please remove your shoes.
aid	He gave aid to the injured.
surface	The surface feels rough.
minimum	We need a minimum of five.
visual	The visual effects were amazing.
host	Our host welcomed us warmly.
variety	The store sells a variety of fruits.
block	There is a block in the road.
repair	They will repair the car tomorrow.
fair	The price seems fair to me.
civil	They had a civil conversation.
steel	The bridge is made of steel.
understanding	She showed great understanding of the issue.
fixed	The date is fixed for Friday.
wrong	I gave the wrong answer on the test.
beginning	The beginning of the movie was slow.
finally	We finally reached the top of the hill.
sector	She works in the technology sector.
capacity	The stadium has a capacity of fifty thousand.
fat	The cat is getting fat from too many treats.
fully	I fully understand your problem now.
father	My father cooks dinner on Sundays.
electric	The electric car is very quiet.
officer	The officer helped us cross the street.
driver	The bus driver waited for the old man.
dead	The phone battery is completely dead.
respect	You should respect your elders.
unknown	The cause of the fire remains unknown.
restaurant	We ate at a new restaurant last night.
trip	Our trip to the beach took two hours.
worth	This old book is worth a lot of money.
poor	The poor family received food donations.
teacher	The teacher explained the math problem clearly.
relationship	Their relationship grew stronger over time.
farm	The farm has many cows and chickens.
peace	We all want peace in the world.
traditional	They wore traditional clothes for the festival.
campus	The campus is quiet on Sundays.
creative	She has a creative way of drawing.
coast	We drove along the coast yesterday.
benefit	Exercise has many health benefits.
progress	He made good progress in math.
funding	The school needs more funding for books.
lord	The lord owned a large castle.
grant	The city will grant us a permit.
agree	I agree with your idea.
fiction	She loves reading science fiction.
hear	Can you hear the birds singing?
sometimes	Sometimes I walk to work.
beyond	The town is just beyond the hill.
museum	The museum opens at nine.
themselves	They built the house themselves.
fan	The fan keeps the room cool.
transport	Public transport is cheap here.
interesting	That book has an interesting plot twist.
wife	My wife cooks dinner on Sundays.
former	He met his former teacher at the mall.
ten	She bought ten apples at the store.
zone	This area is a no-parking zone.
complex	The math problem is very complex.
cat	The cat slept on the warm sofa.
die	Plants die without enough water.
flat	Our apartment is on a flat street.
flow	The river’s flow is fast today.
literature	We read classic literature in class.
parent	Each parent signed the permission form.
setting	The story’s setting is a small town.
scale	The scale showed my weight this morning.
stand	Please stand behind the yellow line.
economy	The country’s economy is growing slowly.
helpful	Your advice was very helpful to me.
critical	Water is critical for all life.
frame	She put the photo in a wooden frame.
musical	The musical was full of catchy songs.
secretary	The secretary scheduled the meeting for Monday.
path	We followed the path through the forest.
employee	Every employee received a bonus today.
chief	The chief gave a short speech.
bottom	The keys are at the bottom of the bag.
detail	Please explain every detail of the plan.
pet	My pet rabbit loves carrots.
begin	Let’s begin the lesson now.
royal	The royal family visited the city.
clean	Please clean your room before dinner.
switch	Can you switch seats with me?
guy	That guy helped me carry the boxes.
relevant	Your question is not relevant to the topic.
justice	The court works for justice.
connect	This road will connect the two towns.
cup	She poured tea into a cup.
demand	The workers made a demand for higher pay.
square	They sat on a bench in the square.
attention	The teacher asked for our attention.
advance	She made an advance in her career.
diet	A healthy diet keeps you strong.
army	The army marched through the town.
difference	The difference between them is small.
correct	Please correct the spelling error.
nation	Our nation celebrates its birthday.
piece	I ate a piece of cake.
sheet	He wrote on a clean sheet.
firm	The firm hired new workers.
seven	There are seven days in a week.
species	This species lives in the ocean.
jump	The cat can jump very high.
resort	They stayed at a beach resort.
facility	The gym is a new facility.
minister	The minister gave a speech.
fashion	She loves the latest fashion.
monitor	The teacher will monitor the test.
forest	We walked through the dark forest.
whose	Whose book is on the table?
couple	A couple sat by the window.
chance	Give me a chance to explain.
vision	Her vision for the future is clear.
ball	He threw the ball to me.
ending	The movie had a happy ending.
listen	Please listen to my advice.
discuss	We need to discuss the plan.
accept	I accept your apology.
goal	My goal is to run a marathon.
successful	She is a successful doctor.
wind	The wind blew the papers away.
situation	This situation is getting stressful.
highly	I highly recommend this book.
appear	Stars appear at night.
emergency	Call for an emergency.
currency	The dollar is strong currency.
leather	She bought a leather jacket.
determine	We must determine the cause.
temperature	The temperature dropped suddenly.
patient	The patient is resting now.
actual	The actual cost was higher.
historical	This book covers historical events from the 1800s.
stone	She skipped a stone across the lake.
perhaps	Perhaps we can meet tomorrow instead.
difficult	The math test was very difficult.
scientific	They used a scientific method for the experiment.
satellite	The satellite orbits the Earth every hour.
fit	These shoes fit me perfectly.
village	The village has only one small shop.
pain	He felt a sharp pain in his back.
particularly	I particularly enjoy reading mystery novels.
coffee	She drinks coffee every morning.
cultural	The festival is a cultural celebration.
easily	He easily solved the puzzle.
poster	She hung a poster on her wall.
edge	The cat sat on the edge of the table.
root	The root of the plant is deep.
closed	The store is closed on Sundays.
ice	Please put some ice in my drink.
pink	She wore a pink dress to the party.
balance	Try to balance on one foot.
graduate	She will graduate in May.
shot	He took a shot at the goal.
architecture	The architecture of the building is modern.
initial	Her initial reaction was surprise.
label	Read the label before eating.
thinking	I am thinking about dinner.
recommend	I recommend this book to you.
league	Our team leads the league.
waste	Don’t waste your time.
minute	Wait a minute, please.
bus	The bus arrives at noon.
dictionary	I found the word in a dictionary.
cold	The soup is too cold.
chair	Please pull up a chair.
fishing	We went fishing at the lake.
effort	Her effort was truly impressive.
phase	This phase will last two weeks.
bag	Put the apples in a bag.
motor	The motor makes a loud noise.
professor	The professor explained the theory.
context	Please explain the context of your question.
install	I need to install the new software today.
shirt	He wore a blue shirt to work.
generally	I generally wake up early.
foot	She hurt her foot while running.
mass	The mass of the rock is huge.
crime	Stealing is a serious crime.
count	Can you count the apples?
breast	The bird has a white breast.
quickly	She finished her homework quickly.
religion	Religion is important to many people.
claim	He made a false claim about the product.
driving	Driving at night can be dangerous.
permission	You need permission to enter this area.
surgery	The surgery took three hours.
heat	The heat from the sun is strong.
wild	Wild animals live in the forest.
generation	The younger generation loves technology.
miss	I miss my old friends.
chemical	This chemical is safe to use.
doctor	The doctor will see you now.
task	She finished the task quickly.
reduce	We need to reduce our costs.
himself	He built the shelf himself.
nor	I don’t like tea nor coffee.
component	This part is a key component.
enable	New tools enable faster work.
exercise	Daily exercise keeps you healthy.
guarantee	I guarantee you will pass.
leader	She is a strong team leader.
diamond	The ring has a small diamond.
soft	The cat’s fur is very soft.
alone	He ate dinner alone last night.
flight	Our flight leaves at noon.
congress	Congress passed a new law.
fuel	The truck needs more fuel.
walk	We walk to school together.
wait	Please wait for me here.
pocket	He keeps keys in his pocket.
freedom	Freedom is a basic right.
argument	That argument made no sense to me.
competition	The competition starts at noon tomorrow.
fresh	I bought fresh bread this morning.
attorney	The attorney reviewed the contract carefully.
factor	Cost is a major factor in our decision.
stream	We sat by the stream all afternoon.
pick	Please pick a card from the deck.
hearing	The hearing is scheduled for Monday.
eastern	The eastern sky turned orange at dawn.
therapy	She goes to therapy every week.
upper	He lives on the upper floor.
serious	This is a serious problem.
prime	Prime numbers are fun to study.
limit	There is a limit to how much I can eat.
quantity	The quantity of sugar is too high.
urban	Urban life can be very busy.
essential	Water is essential for life.
myself	I made this cake myself.
platform	The train leaves from platform two.
load	Please load the boxes into the truck.
labor	The workers stopped labor after the bell rang.
immediately	She called him immediately after the news.
defense	The team’s defense blocked the final shot.
heavy	The box was too heavy to lift alone.
covered	Snow covered the entire front yard.
expert	She is an expert in ancient history.
protect	Wear a helmet to protect your head.
drop	Please drop the keys on the table.
solid	The ice on the lake is solid today.
presentation	His presentation lasted twenty minutes.
orange	She ate an orange for breakfast.
prevent	Seatbelts help prevent serious injuries.
theme	The party’s theme was outer space.
rich	The cake is rich with chocolate.
campaign	The campaign for mayor starts next week.
improvement	Your writing shows clear improvement this month.
guitar	He plays guitar every evening.
finding	The finding surprised all the researchers.
spirit	Her spirit stayed strong despite the loss.
challenge	This puzzle is a real challenge for me.
seem	They seem happy today.
touch	Please touch the soft fabric.
intended	This gift was intended for you.
hire	We need to hire a new driver.
election	The election is next Tuesday.
suggest	I suggest we leave early.
branch	The bird sat on a branch.
serve	She will serve dinner at six.
magic	The magic trick amazed everyone.
mount	He will mount the horse.
smart	She is a smart student.
avoid	Try to avoid the busy road.
manage	Can you manage this project?
corner	The cat hid in the corner.
rank	He holds the top rank.
element	Water is a key element.
birth	The birth of the baby was quick.
virus	The virus spread fast.
separate	Please separate the white clothes.
quarter	The game starts in a quarter hour.
procedure	Follow the safety procedure before starting.
leadership	She showed strong leadership during the crisis.
define	Can you define this term for me?
racing	The horses were racing down the track.
religious	They attend religious services every Sunday.
breakfast	I eat breakfast at seven.
column	Read the third column of numbers.
faith	Her faith gave her strength.
chain	The dog pulled on its chain.
identify	Please identify the main problem.
missing	My keys are missing again.
approximately	The trip takes approximately two hours.
domestic	Domestic cats love to sleep.
reach	Can you reach the top shelf?
comparison	The comparison shows a clear difference.
mental	He made a mental note.
moment	Wait a moment, please.
sequence	Follow the correct sequence of steps.
inch	Move the table one inch left.
attack	The dog may attack if scared.
sorry	I am sorry for being late.
opening	The opening of the store is at nine.
damage	The storm caused serious damage to the roof.
lab	We met in the science lab after class.
reserve	Please reserve a table for two.
plastic	This bottle is made of plastic.
produce	The farm sells fresh produce every morning.
snow	The kids love to play in the snow.
truth	She always tells the truth.
failure	His first attempt was a failure.
weekend	We are going camping this weekend.
dollar	The ticket costs one dollar.
camp	They set up camp near the lake.
automatically	The door opens automatically.
bridge	We walked across the old bridge.
native	She is a native speaker of French.
fill	Please fill the glass with water.
movement	The dance movement was very smooth.
printing	The printing of the book took two weeks.
baseball	He plays baseball on Saturdays.
approval	She nodded in approval.
draft	He made a draft of the letter.
chart	The chart shows our progress.
equal	Both teams are equal in skill.
adventure	Our trip was a big adventure.
matching	She wore matching socks.
profit	The store made a small profit.
assistant	My assistant booked the meeting.
advertisement	The advertisement ran on TV.
expect	I expect rain this evening.
parking	Parking is free here.
yesterday	We visited them yesterday.
determined	She was determined to finish.
completely	He completely forgot the time.
senate	The senate voted on the bill.
funny	That joke was really funny.
brother	My brother plays guitar.
electrical	The electrical wire is old.
pattern	The shirt has a floral pattern.
boat	We took a boat to the island.
sponsor	My company will sponsor the local marathon.
classical	She enjoys classical music from the 1800s.
direction	We walked in the wrong direction for an hour.
basketball	He plays basketball every Saturday morning.
evening	We watched the sunset in the evening.
nuclear	Nuclear power plants produce a lot of energy.
mouse	The mouse ran under the kitchen table.
signal	The red light is a signal to stop.
criminal	The criminal was arrested by the police.
brain	The brain controls all body functions.
sexual	The book discusses sexual health clearly.
powerful	That engine is very powerful for its size.
dream	I had a strange dream last night.
false	Her statement was completely false.
cast	The doctor put a cast on my arm.
flower	This flower blooms only in spring.
soul	Music touches my soul deeply.
promote	The company will promote healthy habits.
carry	Please carry this box upstairs.
flag	The flag waved in the strong wind.
advantage	She has the advantage in this game.
hello	Hello, it is nice to meet you.
maintain	Please maintain a steady speed.
tourism	Tourism brings money to the town.
priority	Safety is our top priority.
brief	The meeting will be brief.
eight	There are eight apples on the table.
iron	I need to iron my shirt.
straight	Draw a straight line here.
script	The actor forgot his script.
prepared	She prepared dinner early.
interview	He has a job interview today.
mix	Mix the flour and water.
disk	The old disk has photos.
queen	The queen waved to the crowd.
clearly	Please speak clearly on the phone.
fix	Can you fix my bike?
handle	The door handle is broken.
sweet	This cake tastes very sweet.
desk	My books are on the desk.
associate	I associate this song with summer.
truck	The truck carried fresh apples.
behavior	His behavior surprised the teacher.
frequently	She frequently visits her grandmother.
measure	Please measure the table’s width.
duty	It is my duty to help.
bear	I cannot bear the loud noise.
gain	You will gain skill with practice.
festival	The festival starts on Friday.
laboratory	The laboratory tests water samples.
ocean	The ocean is deep and blue.
lack	We lack enough chairs for everyone.
depth	The depth of the pool is six feet.
whatever	Whatever you choose, I support you.
laptop	My laptop battery died quickly.
train	We train every morning before work.
exactly	That is exactly what I meant.
dry	The clothes will dry in the sun.
explore	Let’s explore the old forest.
concept	The concept is simple to understand.
nearly	I nearly missed the bus this morning.
reality	The movie felt more like reality than fiction.
origin	The origin of this river is high in the mountains.
billion	The company is worth over a billion dollars.
destination	Our destination is a small beach town.
intelligence	Her intelligence impressed everyone in the room.
route	We took the scenic route home.
broken	The old chair has a broken leg.
blow	A strong blow knocked the door open.
battle	The soldiers prepared for a long battle.
speak	Please speak slowly so I can understand.
expression	His face showed a surprised expression.
speech	Her speech was short but powerful.
wire	The electric wire needs to be replaced.
rural	They live in a quiet rural area.
tape	I used tape to fix the paper.
judge	The judge will decide the case tomorrow.
cent	This candy costs only one cent.
fight	They had a fight over the last cookie.
apartment	She rents a small apartment downtown.
height	The tree reached a great height.
zero	The temperature dropped to zero.
speaker	The speaker talked for an hour.
obtain	You can obtain a ticket online.
designer	The designer showed a new dress.
remain	Please remain in your seats.
marriage	Their marriage lasted fifty years.
roll	Please roll the ball to me.
secret	She told me a secret.
bath	The dog needs a bath.
negative	He gave a negative answer.
theater	We went to the theater last night.
perform	The band will perform tonight.
healthy	Eating vegetables keeps you healthy.
translation	The translation was very accurate.
injury	He missed the game due to injury.
lawyer	The lawyer read the contract.
married	They got married in June.
proposal	She accepted his proposal.
birthday	Today is my birthday.
fail	I might fail the test if I don't study.
toward	She walked toward the door.
slightly	The soup is slightly too salty.
assist	Can you assist me with this box?
conduct	The teacher will conduct the experiment.
jazz	We listened to jazz at the café.
wear	I wear a jacket in winter.
representative	Our representative will speak at the meeting.
frequency	The frequency of the sound is high.
minor	He has a minor cut on his finger.
finish	Please finish your homework first.
mom	My mom makes great pancakes.
physics	Physics is my favorite subject.
rare	That bird is very rare to see.
extreme	The heat is extreme today.
row	We sat in the front row.
cycle	I cycle to work every day.
contain	This box contains old photos.
rise	The sun will rise at six.
sleep	I need eight hours of sleep.
bird	The bird sang outside my window.
creation	The creation of this cake took hours.
scene	The first scene of the movie was dark.
lady	That lady works at the bank.
famous	He is a famous singer in our town.
writer	The writer finished her novel today.
chairman	The chairman called the meeting to order.
violence	The movie had too much violence.
drink	I drink water every morning.
eat	We eat dinner at six.
permanent	This marker is permanent on paper.
practical	She gave me a practical gift.
seat	Please take a seat by the door.
originally	Originally, we planned to walk.
philosophy	His philosophy is simple and kind.
regulation	The new regulation limits parking hours.
reduction	The store announced a price reduction.
aim	My aim is to finish early.
recording	The recording of the song is clear.
junior	My junior brother is ten.
meaning	The word has a deeper meaning.
tip	He left a tip on the table.
secondary	That issue is secondary right now.
wonderful	The weather was wonderful today.
mine	This book is mine.
ticket	I bought a train ticket.
guess	Can you guess my age?
whom	Whom did you call?
ski	We ski every winter.
soccer	Soccer is my favorite sport.
math	Math class starts at nine.
import	They import coffee from Brazil.
presence	Her presence calmed everyone.
automatic	The door is automatic.
majority	The majority voted yes.
connected	My phone is connected to Wi‑Fi.
ahead	The store is ahead.
moon	The moon is bright tonight.
fly	Birds fly south in fall.
manner	She spoke in a polite manner.
combination	This combination of colors looks great together.
despite	Despite the rain, we went for a walk.
strength	She showed great strength during the test.
proper	Please use the proper tool for this job.
fear	His fear of spiders is very strong.
principal	The principal announced a new school rule.
daughter	Their daughter loves to draw animals.
comfort	This chair offers real comfort after a long day.
appeal	The idea has a strong appeal to kids.
previously	I previously worked at a bank.
hey	Hey, can you help me move this box?
beat	We beat the other team by two points.
household	Our household recycles every week.
smoking	Smoking is not allowed in this building.
arms	He carried the baby in his arms.
tea	Would you like some hot tea?
achieve	You can achieve your goal with practice.
dress	She wore a red dress to the party.
contemporary	This museum shows contemporary art.
sky	The sky turned orange at sunset.
happen	What will happen if it rains?
hide	The cat likes to hide under the bed.
refer	Please refer to the map for directions.
outdoors	We ate lunch outdoors today.
clothes	She bought new clothes for work.
luxury	That hotel is a real luxury.
certainly	I will certainly call you later.
indeed	It is indeed a hot day.
newspaper	He reads the newspaper every morning.
toy	The child played with a red toy.
layer	Add a layer of cheese on top.
slow	The turtle is very slow.
nine	There are nine apples on the table.
mostly	The sky is mostly clear tonight.
spot	I found a spot on my shirt.
spend	We spend too much time online.
factory	The factory makes shoes.
grow	Plants grow with water and sun.
relative	My relative lives in Canada.
amazing	The view from here is amazing.
clock	The clock on the wall stopped at noon.
identity	She kept her identity a secret.
feeling	A warm feeling spread through me.
reasonable	That price seems reasonable to me.
relief	The news brought great relief.
influence	Parents have a strong influence on kids.
importance	He stressed the importance of honesty.
rain	The rain lasted all afternoon.
onto	The cat jumped onto the table.
planet	Earth is our only planet.
recipe	This recipe needs three eggs.
permit	They won’t permit dogs inside.
proof	His smile was proof enough.
tennis	We play tennis every Saturday.
bedroom	Her bedroom is painted blue.
empty	The bottle was completely empty.
instance	In this instance, I agree.
hole	There’s a hole in my sock.
ride	Can you give me a ride?
specifically	I asked specifically for no onions.
represent	This symbol represents peace.
pair	I need a pair of socks.
ideal	This is an ideal spot for a picnic.
dinner	We had pasta for dinner.
stress	Too much work causes stress.
cream	Add some cream to your coffee.
yeah	Yeah, I agree with you.
discover	Scientists discover new species.
fourth	She finished in fourth place.
evil	The villain had an evil plan.
aware	Are you aware of the rules?
shape	The cloud has a strange shape.
concerned	I am concerned about your health.
euro	The ticket costs ten euros.
cap	He wore a blue cap.
mixed	The salad has mixed vegetables.
competitive	The job market is very competitive.
exist	Do unicorns really exist?
wheel	The wheel fell off the bike.
salt	Please pass the salt.
poetry	She writes poetry every morning.
bell	The bell rings at noon.
preparation	Her preparation for the test was thorough.
attempt	He made one attempt to climb the wall.
noise	The noise from the street kept me awake.
forget	Don't forget your umbrella.
accurate	The map is accurate and easy to read.
climate	The climate here is warm and dry.
pin	She used a pin to hold the cloth.
alcohol	He avoids alcohol at parties.
instruction	Follow the instruction on the box.
sister	My sister lives in Chicago.
raw	The fish is raw and fresh.
explain	Can you explain this rule to me?
establish	They plan to establish a new school.
extent	I don't know the extent of the damage.
sharp	This knife is very sharp.
paragraph	Write one paragraph about your day.
kill	The farmer had to kill the sick chicken.
mathematics	Mathematics is my favorite subject.
export	The company will export cars to Europe.
aircraft	The aircraft landed safely in the storm.
conflict	Their conflict over money lasted years.
employer	My employer gave me a day off.
occur	Accidents can occur in any workplace.
percentage	A high percentage of students passed.
describe	Can you describe the man you saw?
concern	Her main concern is the cost.
immediate	We need an immediate answer now.
trouble	He got into trouble at school.
spread	She spread butter on the bread.
coach	The coach shouted at the players.
expand	We plan to expand the business.
audience	The audience clapped loudly.
participate	Please participate in the discussion.
specialist	The specialist repaired the engine.
cook	I cook dinner every night.
affect	Lack of sleep can affect your mood.
experienced	She is an experienced nurse.
investigation	The police opened an investigation.
hat	He wore a hat to block the sun.
institution	The bank is a trusted institution.
bike	She rides her bike to work.
totally	I totally forgot the meeting.
plate	The plate is full of food.
indicate	The arrow indicates the way.
lose	Don't lose your keys again.
seek	We seek a quiet place to rest.
extremely	It is extremely hot today.
chemistry	Their chemistry is very strong.
neighborhood	Our neighborhood has a park.
agenda	The agenda starts at nine.
anyway	I went anyway despite the rain.
prince	The prince waved to the crowd.
circle	Draw a circle on the paper.
soil	The soil is rich and dark.
anywhere	You can sit anywhere you like.
psychology	She studies psychology at college.
wet	The grass is wet with dew.
wildlife	The wildlife here is amazing.
cooking	She is cooking dinner for us.
respond	Please respond to my question.
plain	She wore a plain blue dress.
exit	Use the exit at the back.
arm	He hurt his arm playing ball.
launch	They will launch the new rocket.
wave	She gave a small wave hello.
holy	This is a holy place.
symbol	The dove is a symbol of peace.
highway	The highway is busy today.
celebrity	That celebrity signed my shirt.
bond	They share a strong bond.
chocolate	I love dark chocolate.
cotton	This shirt is made of cotton.
requirement	Passing the test is a requirement.
biology	Biology is my favorite class.
border	We crossed the border at noon.
ancient	We saw ancient ruins in Rome.
debate	They had a debate about taxes.
leisure	I read books in my leisure time.
historic	This is a historic moment for our town.
husband	My husband cooks dinner on Fridays.
crazy	That roller coaster was crazy fun.
concert	We went to a concert last night.
comedy	The comedy show made everyone laugh.
efficient	She is very efficient at her job.
commitment	He made a commitment to exercise daily.
constant	The baby needs constant attention.
mouth	Open your mouth for the dentist.
meter	The parking meter ran out of time.
gun	The police officer carried a gun.
reflect	Mirrors reflect light perfectly.
pure	This water is pure and clean.
deliver	They will deliver the package tomorrow.
wonder	I wonder where she went.
hell	The traffic was pure hell today.
fruit	An apple is my favorite fruit.
qualified	She is qualified for the job.
discovery	The discovery changed science forever.
draw	Can you draw a cat for me?
assume	I assume you already finished the report.
confidence	She spoke with confidence during the interview.
confirm	Please confirm your flight time by email.
warm	The soup is still warm.
neither	Neither answer seems correct to me.
engineer	My uncle works as an engineer.
lifestyle	Traveling is part of her lifestyle.
consistent	His work is consistent and reliable.
replace	We need to replace the broken chair.
objective	The main objective is to reduce costs.
sugar	I take my coffee without sugar.
crew	The flight crew helped the passengers.
stick	Use this stick to stir the paint.
relation	The relation between them improved.
genre	This book is my favorite genre.
slide	The children slide down the hill.
volunteer	She will volunteer at the shelter.
enhance	Good lighting can enhance the room.
exact	Please give me the exact time.
formal	The event requires formal clothing.
contribute	Please contribute a few dollars to the fund.
lock	Don't forget to lock the door tonight.
hockey	We watched a hockey game on Saturday.
storm	The storm knocked down several trees.
mile	She ran a mile every morning.
bowl	He ate a bowl of soup.
tank	The fish tank needs cleaning.
estimate	Can you estimate the total cost?
encourage	Parents should encourage their children to read.
kid	The kid laughed at the clown.
cancel	We had to cancel our flight.
paint	She will paint the wall blue.
delay	The train will delay our arrival.
pilot	The pilot landed the plane safely.
continuous	The machine makes a continuous noise.
initiative	She showed great initiative at work.
novel	He wrote a novel about space.
pan	Heat the pan before adding oil.
winner	The winner received a gold medal.
episode	That episode was very exciting.
examination	The doctor did a full examination of my knee.
dish	She washed the last dish after dinner.
modify	We need to modify the plan for tomorrow.
truly	I truly believe you can win.
painting	That painting hangs in the museum.
universe	The universe is full of stars.
candidate	She is a strong candidate for the job.
perspective	His perspective on life changed.
mirror	He looked in the mirror and smiled.
consideration	Please give my idea some consideration.
gray	The sky turned gray before rain.
broad	The river is broad here.
hate	I hate waiting in long lines.
liquid	Water is a clear liquid.
rice	We eat rice with chicken.
salary	Her salary is paid monthly.
reservation	I made a reservation for two.
guard	The guard opened the gate.
properly	Bolt the shelf properly.
saving	Saving money takes patience.
twenty	I counted twenty apples in the basket.
raise	Please raise your hand if you know the answer.
prepare	I need to prepare dinner before six.
illegal	It is illegal to park here.
vary	Prices vary from store to store.
tomorrow	We will see them tomorrow morning.
milk	She poured milk into her coffee.
decide	You must decide which movie to watch.
drama	The play was full of drama.
downtown	We walked downtown to find a cafe.
keyboard	My keyboard has a broken spacebar.
contest	She won the singing contest last night.
boot	He wore one black boot and one brown.
suitable	This coat is suitable for cold weather.
absolutely	I absolutely love this song.
lunch	We had soup for lunch today.
push	Do not push the door; pull it.
muscle	He felt a pull in his leg muscle.
typical	That is a typical Monday morning.
tower	The tower stands over the old city.
yours	This book is yours now.
sum	The sum of 2 and 3 is 5.
significantly	The price dropped significantly this week.
chicken	We ate chicken for dinner.
temporary	This is a temporary parking pass.
attend	I will attend the meeting tomorrow.
shower	She took a hot shower.
tonight	Let’s watch a movie tonight.
dear	My dear friend called me.
shell	The turtle hid in its shell.
governor	The governor signed the new law.
beer	He ordered a cold beer.
contribution	Her contribution helped the team win.
measurement	The measurement of the table is exact.
swimming	Swimming is good exercise.
solar	Solar panels power the house.
catch	Can you catch the ball?
reliable	He is a reliable worker.
sir	Yes, sir, I understand.
doubt	I doubt it will rain today.
earn	She wants to earn more money this year.
unable	He was unable to open the jar.
classroom	The classroom was quiet during the test.
visitor	The visitor left a note on the desk.
twin	My twin sister loves the same music.
drawing	Her drawing of a cat won first prize.
fighting	The two dogs were fighting over a bone.
transition	The transition from school to work is hard.
instrument	The piano is a beautiful instrument.
split	We split the pizza into eight slices.
heaven	The sky looked like heaven at sunset.
pregnant	She is pregnant with her first child.
twice	I called you twice this morning.
normally	I normally walk to work.
spiritual	He finds the forest a spiritual place.
hunting	They went hunting for deer last weekend.
suit	This suit fits you perfectly.
shift	I work the night shift on Fridays.
chip	A potato chip fell on the floor.
sit	Please sit next to me.
wow	Wow, that sunset is beautiful.
flexible	My schedule is flexible this week.
numerous	She has numerous friends at school.
relatively	The test was relatively easy.
cartoon	The kids watched a funny cartoon.
spending	I am spending too much money.
comfortable	This chair is very comfortable.
effectively	She communicated effectively with the team.
crisis	The company faced a financial crisis.
massive	They built a massive new stadium.
bright	The room is bright in the morning.
treat	Let's treat ourselves to ice cream.
poverty	Many people live in poverty.
piano	He plays the piano every day.
revolution	The revolution changed the country.
mystery	The old house holds a great mystery.
landscape	The landscape was full of green hills.
journey	Our journey took six hours.
teach	Can you teach me to swim?
rapid	The river has a rapid current.
pull	Pull the door gently.
sensitive	Her skin is very sensitive.
technique	This technique works well for baking.
calculate	Can you calculate the total cost?
broadcast	They will broadcast the game live.
anniversary	We celebrated our tenth anniversary.
accident	He had a small car accident.
resident	The resident helped us find the park.
plot	The movie’s plot was surprising.
possibly	It could possibly rain tonight.
airline	The airline canceled our flight.
typically	She typically eats lunch at noon.
regard	Please regard this as a warning.
smooth	The table feels very smooth.
strike	The workers decided to strike.
narrow	The path is too narrow for a truck.
afternoon	We met in the afternoon.
threat	The storm is a serious threat.
willing	She is willing to help us.
exam	The final exam is next week.
hundred	She saved a hundred dollars this month.
strange	That noise sounds strange at night.
mention	Please mention my name to the boss.
operate	He learned to operate the new machine.
bathroom	The bathroom is down the hall.
stable	The horse is calm and stable.
lesson	Today’s lesson was about fractions.
scan	Can you scan this document for me?
reaction	Her reaction to the news was calm.
blank	He stared at the blank page.
severe	The storm caused severe damage.
generate	Wind can generate electricity.
humor	His humor always makes me laugh.
successfully	She successfully finished the race.
tight	These shoes are too tight.
contrast	The contrast between colors is clear.
recommendation	My recommendation is to wait.
flying	The bird is flying high above.
organized	Her desk is very organized.
expensive	That watch is too expensive for me.
capture	The police tried to capture the thief.
plane	The plane flew over the ocean.
seed	She planted a seed in the garden.
desire	His desire for success was strong.
camping	We went camping near the lake.
eventually	Eventually, the rain stopped.
bottle	He drank from the water bottle.
rubber	The rubber band snapped easily.
conclusion	The conclusion of the story surprised me.
thousand	There were a thousand stars in the sky.
meat	The meat was cooked perfectly.
bone	The dog buried a bone in the yard.
inner	Her inner strength helped her.
gate	Please close the gate behind you.
valuable	This old watch is very valuable.
tone	Her tone sounded angry.
forever	They promised to be friends forever.
busy	She is busy with her homework.
captain	The captain guided the ship safely.
fantastic	We had a fantastic time at the party.
imagine	Imagine a world without war.
heating	The heating is broken in winter.
leg	She hurt her leg while running.
neck	He wore a scarf around his neck.
wing	The bird broke its wing.
taste	This soup has a strange taste.
commit	Never commit to a bad deal.
tiny	A tiny spider sat on the leaf.
gap	There is a gap in the fence.
tube	The toothpaste tube is empty.
belt	He tightened his belt before dinner.
jacket	My jacket is too warm today.
proud	She felt proud of her son.
disaster	The flood was a total disaster.
instructor	The instructor taught us to swim.
giant	The giant tree blocked the sun.
alarm	The alarm rang at six.
usual	He took his usual seat.
angle	The photo shows a nice angle.
worst	This is the worst day ever.
convert	Please convert the file to PDF.
possibility	There is a possibility of rain today.
dangerous	That road is dangerous at night.
garage	The car is in the garage.
exciting	The movie was really exciting.
unfortunately	Unfortunately, we missed the bus.
pleasure	It was a pleasure to meet you.
honor	It is an honor to serve you.
pants	These pants are too long.
nurse	The nurse checked my temperature.
prayer	She said a prayer before dinner.
appointment	I have a dentist appointment at three.
hurricane	The hurricane damaged many homes.
quiet	The library is very quiet.
luck	Good luck on your test.
producer	The producer approved the new show.
cheese	I like cheese on my sandwich.
carefully	Please handle the glass carefully.
underground	The subway runs underground.
principle	Honesty is a basic principle.
gang	The gang met behind the old school.
appearance	Her appearance changed after the haircut.
smoke	We saw smoke rising from the hill.
cake	She baked a chocolate cake for us.
apart	The two brothers live far apart.
fellow	That fellow always helps the neighbors.
blind	He is blind in one eye.
mad	The crowd went mad at the goal.
strongly	I strongly believe in your plan.
cafe	We had coffee at the corner cafe.
horror	The horror movie scared the kids.
familiar	Her voice sounds familiar to me.
capable	He is capable of finishing the job.
till	Wait here till I come back.
pen	Please sign your name with this pen.
shoe	My left shoe has a hole.
victory	Their victory surprised everyone.
sand	The children built a castle in the sand.
joy	Her smile brought us great joy.
mainly	The meeting was mainly about money.
actor	The actor forgot his lines on stage.
fifth	She finished fifth in the race.
citizen	Every citizen must pay taxes.
prize	He won the first prize.
absolute	That rule is absolute and cannot change.
substance	The substance felt like wet sand.
pipe	The pipe leaked water all night.
lecture	The lecture lasted two hours.
ill	He felt ill after lunch.
concentration	Her concentration broke when the phone rang.
lay	Please lay the book on the table.
dirty	His shoes were dirty from the mud.
donate	They donate old clothes every year.
worker	The worker fixed the roof quickly.
alive	The fish is still alive.
prove	Can you prove your answer?
promise	I promise to call you later.
thin	The ice is too thin to walk on.
exhibition	The art exhibition opens tomorrow.
prefer	I prefer tea over coffee.
sick	I feel sick after eating that old cheese.
evaluate	We need to evaluate the results before deciding.
tropical	The tropical storm forced us indoors.
collect	She likes to collect old coins.
bet	I bet it will rain tomorrow.
definitely	That is definitely the best pizza here.
purple	Her favorite color is purple.
existence	The scientist questioned the existence of ghosts.
necessarily	Bigger does not necessarily mean better.
prison	He spent five years in prison.
skill	Learning to cook is a useful skill.
everyday	Wearing jeans is an everyday choice for me.
apparently	Apparently, the meeting was moved to noon.
surrounding	The surrounding hills are covered in snow.
popularity	His popularity grew after the concert.
inquiry	The police made an inquiry about the theft.
exhibit	The museum will exhibit ancient pottery.
throw	Please throw the ball to me.
trend	This new trend is popular with teens.
desert	The desert gets very cold at night.
obviously	Obviously, she was tired after the long trip.
worse	The weather got worse in the afternoon.
fundamental	Reading is a fundamental skill for learning.
escape	The cat tried to escape through the open window.
somewhat	I am somewhat worried about the test.
impossible	It is impossible to finish this in one hour.
obvious	The answer was obvious to everyone.
judgment	Her judgment in choosing friends is good.
explanation	He gave a clear explanation for his absence.
folk	The folk music filled the small hall.
electricity	Electricity powers our homes and schools.
arrival	The arrival of the train was delayed.
emphasis	The teacher put emphasis on spelling.
aspect	One aspect of the job is customer service.
awesome	The view from the top was awesome.
crash	The loud crash woke me up.
lift	Can you help me lift this heavy box?
shadow	The tree cast a long shadow on the grass.
infection	The doctor treated the skin infection.
expense	The trip was worth the expense.
princess	The princess waved to the crowd.
mall	We met at the mall on Saturday.
dad	My dad cooks dinner on Sundays.
extend	Please extend the deadline by one day.
motorcycle	He rides his motorcycle to work.
yard	The kids played in the front yard.
tourist	The tourist asked for directions.
mayor	The mayor opened the new bridge.
murder	The detective solved the murder case.
senator	The senator voted for the bill.
pour	She will pour the milk into the glass.
dust	Please dust the shelves before guests arrive.
entirely	The plan was entirely my idea.
rescue	The firefighter helped rescue the cat.
closely	Watch closely as I demonstrate the trick.
diary	She writes in her diary every night.
seriously	He seriously needs a vacation.
shooting	The shooting practice was canceled.
ear	The dog scratched its ear.
elsewhere	We looked elsewhere for the keys.
pollution	Factory smoke causes air pollution.
conservative	He has a conservative view on politics.
shock	The bad news gave her a shock.
abroad	She studied abroad for a year.
tie	He wore a blue tie to work.
roof	The cat sat on the roof.
demonstrate	They will demonstrate the new machine.
atmosphere	The party had a fun atmosphere.
kiss	She gave him a quick kiss.
experiment	The science experiment worked well.
overseas	He travels overseas for business.
assignment	I finished my math assignment early.
rush	We were in a rush to catch the bus.
whereas	She likes tea, whereas he likes coffee.
surprise	The gift was a nice surprise.
lamp	Please turn on the lamp.
everybody	Everybody enjoyed the show.
palace	The king lives in a large palace.
acceptable	That answer is acceptable.
satisfied	I am satisfied with my meal.
glad	I am glad you came.
receipt	Keep your receipt for returns.
ordinary	It was an ordinary Tuesday morning.
nobody	Nobody answered the phone.
ghost	The old house has a ghost.
boss	My boss approved my leave.
reporter	The reporter asked tough questions.
champion	She is the chess champion.
personally	I personally checked the door.
plenty	We have plenty of time.
sentence	Write one full sentence here.
throat	My throat feels dry.
ignore	Please ignore the noise.
uniform	He wore his school uniform.
wealth	Her wealth came from hard work.
tall	The building is very tall.
somewhere	I left my keys somewhere.
dancing	They were dancing in the rain.
recognize	I recognize that voice.
publish	They will publish the book soon.
toe	I stubbed my toe on the chair.
whenever	Call me whenever you need help.
venue	The wedding venue was a garden.
vital	Water is vital for survival.
fairly	She treated everyone fairly.
charity	He donated money to charity.
intelligent	She is an intelligent student.
obligation	Paying taxes is a legal obligation.
wake	Please wake me at seven.
stupid	That was a stupid mistake.
traveler	The traveler lost his passport.
realize	I realize I forgot my keys.
enemy	He defeated his enemy in battle.
insight	Her insight solved the problem.
lucky	You were lucky to find that.
thick	The fog was very thick.
repeat	Can you repeat the question?
drum	He plays the drum in a band.
flood	The heavy rain caused a flood.
announcement	The announcement came at noon.
outcome	The outcome of the game surprised everyone.
appreciate	I appreciate your help very much.
clause	This contract has a hidden clause.
smile	Her smile made me feel happy.
indoor	We played indoor tennis today.
armed	The police were armed with guns.
regularly	He exercises regularly every morning.
tend	I tend to sleep late on weekends.
partly	The sky was partly cloudy today.
tradition	It is a family tradition to bake pie.
candy	She gave the child a piece of candy.
hunt	They hunt for deer in the fall.
complaint	He filed a complaint about the noise.
moral	The story has a clear moral.
finger	She cut her finger with a knife.
pound	Please pound the nails into the wood.
locate	Can you locate the nearest station?
burn	Be careful not to burn your hand.
ourselves	We made the cake ourselves.
bread	I bought fresh bread at the store.
wooden	The old chair was wooden and heavy.
tough	This steak is too tough to chew.
incident	The incident was reported to the police.
lie	Do not lie to your teacher.
conversation	We had a long conversation about school.
decrease	The store saw a decrease in sales.
chest	He put the book on his chest.
herself	She made the cake herself.
solve	Can you solve this math problem?
minority	Only a minority voted for the plan.
ah	Ah, I see the problem now.
passion	She has a passion for painting.
sight	The mountains were a beautiful sight.
weak	He felt weak after the long run.
reception	The reception at the hotel was friendly.
wise	It is wise to save money.
correctly	She answered the question correctly.
geography	We studied geography in class today.
worry	Do not worry about the test.
pleased	I am pleased with your work.
danger	The sign warned of danger ahead.
vitamin	Oranges contain vitamin C.
widely	This book is widely read.
phrase	She used a common phrase.
emotional	The movie was very emotional.
leaf	A leaf fell from the tree.
combine	We can combine the two lists.
fault	It was my fault we were late.
introduce	Let me introduce my friend.
silk	The scarf is made of silk.
romantic	He planned a romantic dinner.
examine	The doctor will examine you.
sad	He felt sad after the news.
slowly	She walked slowly to the door.
communicate	We communicate by email.
kick	He gave the ball a kick.
meal	This meal tastes great.
hurt	My knee still hurts.
unlike	Unlike you, I enjoy cold weather.
pot	She cooked soup in a pot.
slip	Be careful not to slip on the wet floor.
grass	The dog rolled in the green grass.
achievement	Winning the race was a big achievement.
passenger	The passenger asked for a window seat.
convenient	This store is convenient for me.
silent	The library was completely silent.
egg	I ate a boiled egg for breakfast.
childhood	My childhood was full of happy memories.
talent	She has a talent for singing.
shoot	He tried to shoot the basketball.
robot	The robot cleaned the floor.
witness	The witness told the truth in court.
powder	She added powder to the mix.
assess	The teacher will assess our work.
wash	I need to wash my car.
entrance	The entrance is on the left.
loose	My shoelace is loose.
illness	His illness kept him home.
teenage	Her teenage years were fun.
soap	I bought a new bar of soap.
jam	I spread jam on my toast this morning.
unusual	That is an unusual color for a car.
increasingly	It is increasingly hard to find parking here.
routine	Morning stretching is part of my routine.
basically	We basically finished the whole project.
hero	The firefighter was called a hero.
attitude	Her attitude improved after lunch.
engaged	They got engaged last weekend.
carpet	The carpet feels soft under my feet.
difficulty	He had difficulty opening the jar.
pace	Please keep a steady pace while walking.
wage	The minimum wage went up this year.
observation	Her observation about the sky was accurate.
coat	I need a warm coat for winter.
opposition	The opposition voted against the new law.
container	Put the leftovers in a sealed container.
app	I downloaded a new app for maps.
recall	I cannot recall his phone number.
departure	Our departure was delayed by rain.
belief	His belief in kindness never wavered.
killing	The hunter was killing time before dinner.
shoulder	She put her bag on her shoulder.
singer	The singer has a beautiful voice.
attraction	The main attraction is the waterfall.
invite	I will invite my friends to the party.
suppose	I suppose you are right about that.
involve	This job will involve a lot of travel.
thirty	There are thirty students in the class.
opposite	The store is opposite the bank.
rapidly	The fire spread rapidly through the house.
ban	The city will ban plastic bags.
clerk	The clerk helped me find a shirt.
vast	The desert is a vast empty space.
outline	Please outline the main points first.
jeans	He wore old jeans to work.
odd	That is an odd color for a car.
wrap	Please wrap the gift in paper.
mood	Her mood changed after lunch.
favor	Can you do me a favor?
attractive	She wore an attractive red dress.
occasion	We met on a special occasion last year.
victim	The victim of the accident was taken to the hospital.
careful	Be careful when you cross the street.
arrive	Please arrive at the station before noon.
aside	She pulled me aside to share a secret.
essay	His essay about nature won first prize.
discipline	Learning a language takes daily discipline.
dialogue	The dialogue between the two leaders was brief.
shut	Please shut the door quietly.
midnight	The train leaves at midnight sharp.
commonly	This plant is commonly found in gardens.
photographer	The photographer took our family photo.
inform	Please inform me if you change your mind.
coal	They used coal to heat the old house.
cry	The baby began to cry loudly.
largely	The success was largely due to teamwork.
pleasant	We had a pleasant walk in the park.
announce	They will announce the winner tomorrow.
rough	The sea was rough during the storm.
lion	The lion slept under the hot sun.
suddenly	The lights suddenly went out.
cookie	She ate one cookie after lunch.
arrangement	The flower arrangement looked beautiful.
stretch	I need to stretch before running.
furthermore	Furthermore, the plan is too risky.
beef	We bought beef for the stew.
crowd	The crowd cheered loudly.
personality	Her personality is very warm.
decline	Sales began to decline last year.
skiing	Skiing is fun in winter.
cloud	A dark cloud covered the sun.
knife	He sharpened the kitchen knife.
shelf	The book sits on the top shelf.
adopt	They decided to adopt a cat.
incredible	That was an incredible goal.
outer	The outer layer is waterproof.
crop	The corn crop failed this year.
twelve	She has twelve pencils.
decade	He worked there for a decade.
tired	I feel tired after work.
everywhere	I looked everywhere for my keys.
sing	She loves to sing in the shower.
honest	Be honest with me, please.
somebody	Somebody left the door open.
reputation	He has a good reputation in town.
hang	Please hang your coat on the hook.
curve	The road has a sharp curve ahead.
passage	We walked through the narrow passage.
photograph	This photograph shows my grandparents.
juice	I drank a glass of orange juice.
logical	That is the logical answer to the problem.
sauce	The pasta needs more tomato sauce.
criticism	She handled the criticism well.
retired	My grandfather is now retired.
afraid	I am afraid of spiders.
initially	Initially, I thought it was easy.
pointed	She pointed at the map.
mistake	I made a silly mistake yesterday.
mineral	This water is rich in mineral salts.
fortune	He made a fortune in real estate.
stadium	We watched the game at the stadium.
exploration	Space exploration requires years of study.
flu	She stayed home because of the flu.
translate	Can you translate this letter for me?
costume	His Halloween costume was a pirate.
tune	She hummed a happy tune.
corn	The farmer grew sweet corn.
farmer	The farmer woke up before sunrise.
perfectly	The cake turned out perfectly.
slave	The ancient slave built the pyramid.
portrait	She painted a portrait of her mother.
ethical	It is not ethical to lie.
struggle	They struggle to pay rent.
ultimately	Ultimately, we chose the blue car.
equally	Divide the pizza equally among us.
artificial	The flower is artificial, not real.
guilty	He felt guilty for breaking the vase.
naturally	Her hair curls naturally.
tablet	He reads the news on a tablet.
tail	The dog wagged its tail.
violent	The storm turned violent last night.
underwear	He bought new underwear at the store.
soup	This soup is too hot to eat.
drunk	He got drunk at the party.
nose	She touched her nose and laughed.
anymore	I don’t live there anymore.
constantly	She constantly checks her phone.
resolve	We must resolve this issue quickly.
documentary	We watched a documentary about whales.
ceiling	The ceiling has a water stain.
anybody	Does anybody know the answer?
bunch	She picked a bunch of flowers.
singing	The birds are singing outside.
afford	I can’t afford a new car.
quit	He decided to quit his job.
lung	Smoking damages your lung tissue.
highlight	The highlight of the trip was hiking.
brilliant	That was a brilliant idea.
spoken	She has spoken to the manager.
grain	A single grain of sand fell.
depend	You can depend on me to help.
breath	Take a deep breath before you speak.
colored	She wore a brightly colored dress.
tale	He told a tale about a dragon.
surprised	I was surprised by the news.
opposed	She opposed the new rule.
similarly	Similarly, both teams lost their games.
coin	He flipped a coin to decide.
cure	There is no cure for that illness.
suggestion	Do you have a suggestion for dinner?
soldier	The soldier marched in the parade.
bomb	The bomb was safely defused.
harm	Too much sun can harm your skin.
brush	Use a brush to paint the wall.
investigate	The police will investigate the crime.
repeated	He repeated the question twice.
tongue	The cat licked its tongue.
monkey	The monkey climbed the tree.
skirt	She wore a long blue skirt.
oven	I put the pizza in the oven.
engage	She will engage the new employee today.
cheat	Do not cheat on the test.
suspect	The police suspect the neighbor.
crucial	Water is crucial for survival.
gym	I go to the gym every morning.
celebration	The party was a big celebration.
viewer	The viewer watched the show closely.
laugh	His joke made everyone laugh.
destroy	The storm can destroy homes.
pitch	He threw a fast pitch.
offensive	His comment was offensive to many.
dozen	I bought a dozen eggs.
cloth	Use a soft cloth to clean it.
stamp	She put a stamp on the letter.
butter	I spread butter on my toast.
pepper	Add some pepper to the soup.
weapon	The knife was used as a weapon.
chef	The chef cooked a tasty meal.
grocery	We need to buy grocery items.
occasionally	I occasionally walk to work.
apparent	The error was apparent to everyone.
toilet	The toilet is down the hall.
excited	She was excited about the trip.
recover	He needs time to recover.
fold	Please fold the laundry.
qualify	You must qualify for the prize.
diagram	Draw a diagram of the cell.
attach	Attach the file to the email.
spider	A spider spun a web.
approve	They will approve the plan.
desperate	He was desperate for help.
bend	Don't bend the paper.
sailing	Sailing is fun on Sundays.
unemployment	Unemployment rose last year.
angry	He was angry at the delay.
compete	They compete every year.
belong	These keys belong to me.
profession	Teaching is a good profession.
tire	The tire is flat.
participant	Each participant received a badge.
friendship	Their friendship grew stronger over time.
passport	She forgot her passport at home.
frozen	The lake is frozen in winter.
drag	Don't drag the heavy box.
ceremony	The wedding ceremony was beautiful.
rely	You can rely on me.
homework	I finished my homework early.
silence	The silence in the room was loud.
possession	That old car is his only possession.
trainer	The trainer taught us new exercises.
organ	The organ played a deep sound.
lemon	Add some lemon to the tea.
nail	I hit my nail with the hammer.
joke	He told a funny joke.
satisfy	This meal will satisfy your hunger.
shelter	We found shelter from the rain.
celebrate	Let's celebrate your birthday.
mixture	The cake is a mixture of flour and eggs.
impressive	Her speech was very impressive.
sheep	The sheep grazed in the field all morning.
architect	The architect designed a tall glass building.
railroad	The railroad tracks ran beside the river.
salad	I made a fresh salad for lunch.
preserve	We preserve old photos in albums.
poem	She wrote a poem about the sea.
praise	The teacher gave him praise for his work.
realistic	Her plan is realistic and practical.
relax	I relax on the couch after work.
hardly	He hardly ever eats breakfast.
bean	The bean sprouted in the damp soil.
float	Leaves float on the pond’s surface.
bubble	A bubble rose to the water’s top.
acquire	She hopes to acquire new skills soon.
admit	He will admit his mistake to her.
fancy	That fancy restaurant is too expensive.
analyze	We need to analyze the data first.
relate	I can relate to your problem.
swim	They swim in the lake every summer.
suffer	Many people suffer from allergies in spring.
retain	Please retain this receipt for your records.
tunnel	The train went through the dark tunnel.
distribute	We will distribute the flyers tomorrow.
confused	She felt confused by the map.
bee	A bee landed on the flower.
loud	The music was too loud.
bride	The bride wore a white dress.
dramatic	His exit was very dramatic.
terrible	The weather was terrible today.
scientist	The scientist studied the stars.
nevertheless	It was raining; nevertheless, we walked.
fever	He has a high fever.
surely	You will surely pass the test.
pray	They pray every evening.
flame	The flame flickered in the wind.
elderly	The elderly man sat quietly.
extraordinary	She has an extraordinary talent.
spell	Can you spell your name?
illustration	The book has a colorful illustration.
construct	They will construct a new bridge.
detect	The scanner can detect metal objects.
knee	She fell and hurt her knee.
complicated	This math problem is very complicated.
injured	The injured bird could not fly.
ton	That box weighs a ton.
collapse	The old bridge might collapse.
unlikely	It is unlikely to rain today.
rarely	He rarely eats fast food.
barrier	The wall is a barrier to entry.
argue	They argue about money often.
bicycle	I ride my bicycle to work.
arise	Problems may arise during the trip.
advise	I advise you to rest.
survive	Only a few plants survive winter.
reveal	She will reveal the secret later.
cow	The cow is eating grass.
strict	Our teacher is very strict.
offense	Stealing is a serious offense.
protest	They protest against the new law.
hobby	Painting is my favorite hobby.
invention	The telephone was a great invention.
washing	She is washing the dishes now.
trick	He showed me a magic trick.
intense	The heat was intense today.
steady	Keep a steady pace while running.
dirt	Wash the dirt off your shoes.
blame	Don't blame me for the mistake.
informal	The party has an informal dress code.
heavily	It rained heavily all night.
fifty	There are fifty students in class.
uncle	My uncle lives in Chicago.
sink	Please put the cup in the sink.
invitation	I sent her an invitation to the party.
meanwhile	Meanwhile, the kids were playing outside.
decent	He earns a decent salary.
innocent	The puppy looked innocent and cute.
frog	The frog jumped into the pond.
intention	My intention was to help you.
disagree	I disagree with your opinion.
anger	He tried to hide his anger.
happiness	Her happiness was clear to everyone.
impression	The movie made a strong impression on me.
nervous	I feel nervous before the test.
refuse	They refuse to eat broccoli.
rid	We need to rid the house of pests.
calm	The lake was calm this morning.
farming	Farming takes a lot of hard work.
fork	Use a fork to eat the salad.
organize	She will organize the files tomorrow.
alter	We can alter the plan if needed.
reward	The dog got a reward for tricks.
arrange	Please arrange the chairs in a circle.
artistic	She has an artistic eye for color.
lip	He bit his lip when thinking.
gather	Let’s gather wood for the fire.
slight	There is a slight chance of rain.
indirect	He took an indirect route home.
wool	The sweater is made of soft wool.
arrest	The police will arrest the thief.
deeply	She deeply cares about her friends.
pursue	She will pursue her dream of becoming a doctor.
grab	Grab that rope before it falls.
attract	Bright colors attract many butterflies.
snake	A snake slithered across the path.
succeed	Hard work helps you succeed in life.
lonely	He felt lonely in the empty house.
observe	We observe the stars every night.
confident	She is confident about her test.
bacteria	Some bacteria can make you sick.
ought	You ought to apologize to her.
delicious	This soup tastes absolutely delicious.
transform	The caterpillar will transform into a butterfly.
vegetable	Eat a vegetable with your dinner.
bullet	The bullet missed the target.
ugly	The old building looked ugly and gray.
encounter	We had a strange encounter in the woods.
forty	There are forty students in class.
priest	The priest led the morning prayer.
runner	The runner finished the race first.
notion	He had a strange notion about time.
spelling	She checked the spelling of her name.
defend	The lawyer will defend his client.
aggressive	The dog became aggressive at the gate.
sculpture	The museum bought a new sculpture.
dig	We need to dig a hole here.
taxi	I called a taxi to the airport.
punishment	The punishment for cheating is detention.
stomach	My stomach hurts after lunch.
deny	He will deny the accusation.
folding	She is folding the clean shirts.
penny	I found a penny on the floor.
prediction	Her prediction about rain was right.
prospect	The job prospect looks bright.
trash	Please take out the trash.
cite	You must cite your sources.
pig	The pig rolled in the mud.
imagination	Her imagination created a new world.
actress	The actress forgot her lines.
mess	Clean up this mess now.
shade	We sat in the shade of a tree.
rhythm	She tapped her foot to the rhythm.
sudden	The sudden noise scared the cat.
rope	He tied the boat with a rope.
gentle	Her voice was soft and gentle.
unexpected	The gift was completely unexpected.
cigarette	He put out his cigarette.
characteristic	Patience is a characteristic of hers.
headline	The headline caught everyone’s attention.
narrative	Her narrative was full of detail.
enormous	The elephant is an enormous animal.
consist	The team will consist of five players.
defeat	They accepted their defeat quietly.
shake	Please shake the bottle before use.
silly	That was a silly mistake.
mild	The sauce has a mild flavor.
fur	The puppy’s fur is very soft.
fence	The horse jumped over the fence.
shame	It is a shame you missed the party.
breathing	His breathing was slow and calm.
wherever	Wherever you go, I will follow.
surround	Tall trees surround the small lake.
smell	I smell fresh bread from the oven.
divide	The river will divide the city in two.
deserve	You deserve a good rest today.
worried	She felt worried about the test.
garbage	Please take out the garbage tonight.
boring	That movie was really boring.
nerve	He hit a nerve with that joke.
acknowledge	I acknowledge your hard work.
tent	We slept in a green tent.
qualification	Her qualification got her the job.
consequence	Every action has a consequence.
earthquake	The earthquake shook the whole town.
impressed	I was impressed by his speech.
slope	The ski slope was very steep.
poet	The poet wrote about the sea.
organizer	The organizer listed all the events.
nut	He cracked the nut with a hammer.
lean	Please lean the ladder against the wall.
bye	Say bye to your grandma.
potato	I baked a potato for dinner.
excuse	Please excuse my late arrival.
onion	The onion made me cry.
sandwich	She packed a sandwich for lunch.
girlfriend	His girlfriend loves to paint.
reject	They reject the new policy.
courage	It took courage to speak up.
settle	We settle the bill tomorrow.
peaceful	The lake looks peaceful at dawn.
conclude	Let’s conclude the meeting now.
propose	He will propose a new plan.
talented	She is a talented musician.
steal	Do not steal from others.
fifteen	There are fifteen apples left.
predict	I predict rain this evening.
horrible	The weather was horrible today.
hungry	The baby is hungry again.
dressed	She got dressed quickly.
criterion	Cost is the main criterion.
elephant	The elephant sprayed water.
intend	I intend to finish this today.
bite	Don't bite your nails.
phenomenon	That storm was a strange phenomenon.
conscious	She was conscious during the surgery.
eleven	The meeting starts at eleven.
differently	He sees the problem differently now.
musician	The musician played a soft song.
remark	Her remark made everyone laugh.
convinced	I am convinced he is right.
researcher	The researcher studied old bones.
mud	The dog came in covered in mud.
grateful	I am grateful for your help.
gradually	The weather improved gradually.
journalist	The journalist wrote a daily column.
shine	Please shine the light over here.
explosion	The explosion shook the whole building.
opponent	My opponent is very fast.
employ	They employ twenty new workers.
wound	He wound the rope around the pole.
lazy	He felt too lazy to cook.
neighbor	My neighbor lent me a cup of sugar.
elect	We will elect a new class president tomorrow.
concentrate	I need to concentrate on my homework.
refrigerator	The milk is cold in the refrigerator.
needle	She used a needle to sew the button.
sticky	The candy made my hands sticky.
generous	He gave a generous tip to the waiter.
climb	We plan to climb that hill on Sunday.
fascinating	The story about space was fascinating.
educated	She is an educated woman with two degrees.
tomato	I sliced a tomato for the salad.
pale	He looked pale after being sick.
declare	The judge will declare the winner soon.
tear	A tear rolled down her cheek.
stranger	A stranger asked me for directions.
painful	The injection was quick but painful.
nowhere	The lost keys are nowhere to be found.
scary	That old house looks scary at night.
banana	I eat a banana every morning.
remind	Please remind me to call my mom.
tooth	I brushed my tooth before bed.
annoying	The buzzing fly is annoying.
affair	The party was a grand affair.
upset	She felt upset about the news.
helicopter	The helicopter flew over the lake.
pencil	I need a pencil for the test.
freeze	Water will freeze in the cold.
surprising	The ending was truly surprising.
unnecessary	That extra step is unnecessary.
heel	My shoe heel broke today.
justify	Can you justify your decision?
possess	They possess a large library.
hollow	The old tree is hollow inside.
detective	The detective found a clue.
colleague	My colleague helped me finish.
harmful	Smoking is harmful to health.
badly	He played badly in the game.
disappointed	I was disappointed with the result.
excitement	Her excitement filled the room.
mysterious	A mysterious letter arrived today.
pose	She struck a pose for the photo.
sail	We sail to the island at dawn.
brave	The brave dog saved the child.
awful	The soup tasted awful today.
nightmare	That test was a total nightmare.
impose	Don't impose your rules on me.
knock	Please knock before you enter.
urge	I urge you to call your mom.
creature	A strange creature hid in the bush.
ours	This garden is ours now.
flour	Add flour to the bowl slowly.
sympathy	She showed sympathy for the lost cat.
blond	He has short blond hair.
gentleman	That gentleman held the door open.
prisoner	The prisoner escaped last night.
bored	I was bored during the movie.
bother	Don’t bother me while I work.
continent	Africa is a huge continent.
resist	I can’t resist chocolate cake.
scared	The loud noise made me scared.
bent	He bent the wire into a circle.
poison	The snake’s poison is very dangerous.
interpret	Can you interpret this old poem for me?
countryside	We drove through the green countryside.
bitter	The coffee tasted bitter this morning.
incredibly	She is incredibly good at math.
athlete	The athlete trained every day.
similarity	There is a similarity between the twins.
towel	Please hand me a clean towel.
habit	Brushing your teeth is a good habit.
clever	The clever fox found a way out.
sixty	My grandfather is sixty years old.
boyfriend	Her boyfriend cooks dinner tonight.
illustrate	These drawings illustrate the story well.
shallow	The pool is shallow at this end.
ingredient	Flour is a key ingredient in bread.
curtain	The curtain blocked the bright sun.
pile	He left a pile of books on the floor.
goodbye	She said goodbye and left quickly.
sailor	The sailor watched the calm sea.
statue	The statue stands in the park.
quotation	She wrote a quotation from the book.
relaxing	Taking a bath is relaxing.
emotion	He showed strong emotion at the news.
educate	We must educate our children well.
glove	He lost one glove on the bus.
decoration	The room needs a simple decoration.
adapt	Animals adapt to new places.
neat	Her desk is always neat.
dentist	I have a dentist appointment tomorrow.
slice	Can I have a slice of cake?
relaxed	He felt relaxed after the walk.
aunt	My aunt lives in Chicago.
complain	Don't complain about the weather.
closet	The coats hang in the closet.
unfair	It’s unfair to blame him.
insect	That insect has six legs.
imply	What does that look imply?
fry	I like to fry eggs for breakfast.
servant	The servant opened the door.
critic	The critic wrote a harsh review of the play.
dessert	We had chocolate cake for dessert.
marry	They plan to marry next spring.
enthusiasm	Her enthusiasm for science is contagious.
confusing	The map was confusing, so we got lost.
weakness	His weakness is eating too much candy.
clue	The detective found a clue at the door.
scream	The baby let out a loud scream.
cousin	My cousin lives in Chicago.
emerge	The sun will emerge from the clouds.
shy	The shy girl hid behind her mother.
umbrella	Take an umbrella in case it rains.
headache	I have a bad headache today.
cruel	It was cruel to tease the dog.
smartphone	He checks his smartphone every morning.
elevator	The elevator is stuck on the third floor.
warn	I warn you, the road is icy.
painter	The painter mixed blue and yellow.
ankle	She twisted her ankle while running.
borrow	Can I borrow your pen for a second?
react	Don't react until you hear the whole story.
dancer	The dancer moved gracefully across the stage.
spoon	She stirred her coffee with a small spoon.
fortunately	Fortunately, we arrived before the rain started.
expectation	His expectation was that the meeting would be short.
interrupt	Please don’t interrupt me while I’m talking.
grandfather	My grandfather tells stories about the old days.
asleep	The baby fell asleep in the car.
shout	Don’t shout, I can hear you fine.
convince	She tried to convince him to stay longer.
subway	We took the subway to the museum.
shocked	Everyone was shocked by the sudden news.
alcoholic	He is an alcoholic and needs help.
breathe	Remember to breathe slowly when you feel nervous.
stove	The soup is boiling on the stove.
sadly	Sadly, the dog ran away yesterday.
quietly	He closed the door quietly behind him.
sweater	This sweater is too warm for summer.
bake	I plan to bake a cake tomorrow.
symptom	A cough is a common symptom of a cold.
laughter	Her laughter filled the whole room.
backward	He walked backward down the hall.
sock	I lost one sock in the dryer.
noisy	The street is too noisy at night.
regret	I regret eating that second cake.
grandmother	My grandmother tells great stories.
rude	It is rude to interrupt people.
unemployed	He has been unemployed for months.
oppose	Many citizens oppose the new law.
definite	We have a definite plan for Friday.
lively	The party was lively and fun.
immigrant	She is an immigrant from Mexico.
sweep	Please sweep the kitchen floor.
expose	The sun will expose the paint.
weigh	The box weighs ten pounds.
inspire	Her speech will inspire the team.
disappear	The magician made the coin disappear.
listener	He is a good listener in class.
hurry	We need to hurry to catch the bus.
retire	My dad will retire next year.
sensible	Wearing a coat in winter is sensible.
stiff	The new shoes felt stiff at first.
revise	Please revise your essay before submitting it.
accompany	I will accompany you to the store.
hesitate	Don't hesitate to ask for help.
rub	Rub the lotion into your skin gently.
emphasize	She emphasized the need for safety.
steep	The path up the hill was steep.
forgive	I forgive you for the mistake.
competitor	Our main competitor released a new product.
depressed	He felt depressed after the long rain.
wealthy	The wealthy family donated to charity.
govern	Laws govern how people behave.
feather	A feather fell from the bird.
sixteen	She turned sixteen last week.
upward	The plane flew upward into the clouds.
thirteen	There are thirteen cookies on the plate.
happily	The dog wagged its tail happily.
pretend	Don't pretend you didn't see me.
crowded	The subway was crowded this morning.
owe	I owe you ten dollars from lunch.
behave	Please behave well at the party.
shiny	Her new ring is very shiny.
spicy	This soup is too spicy for me.
melt	The ice will melt in the sun.
eighteen	My sister turns eighteen tomorrow.
curved	The road has a sharp curved turn.
swear	I swear I locked the door.
consume	Bears consume a lot of food.
amazed	I was amazed by the magic trick.
fourteen	The class has fourteen students.
threaten	Do not threaten your little brother.
teenager	The teenager bought a new phone.
enthusiastic	She is enthusiastic about the trip.
uncomfortable	These shoes feel uncomfortable all day.
anxious	He feels anxious before exams.
thief	The thief stole my wallet.
bury	We bury the treasure in sand.
insist	I insist you take the last cookie.
entertain	Can you entertain the kids?
lend	Can you lend me your pen for a minute?
supermarket	I buy fresh bread at the supermarket.
deliberately	She deliberately ignored my question.
obey	You must obey the traffic rules.
multiply	Multiply six by three to get eighteen.
humorous	He told a humorous story at dinner.
dominate	The big team tends to dominate the game.
abandon	They had to abandon the old car.
unhappy	He felt unhappy about the delay.
psychologist	The psychologist helped her calm down.
downward	The path slopes downward to the river.
beg	The dog will beg for a treat.
seventy	There are seventy students in the hall.
supporter	She is a strong supporter of the team.
ambition	His ambition is to become a pilot.
apologize	I apologize for being late.
ninety	The book costs ninety dollars.
recycle	Please recycle those plastic bottles.
upstairs	My bedroom is upstairs on the right.
politician	The politician gave a long speech.
disadvantage	The main disadvantage is the high cost.
sincere	She gave a sincere apology.
divorced	My parents got divorced last year.
dismiss	The teacher had to dismiss the class early.
boil	Please boil the water for tea.
deliberate	His decision was deliberate, not rushed.
indoors	We stayed indoors because of the rain.
disappointing	The movie was disappointing.
eighty	My grandmother is eighty years old.
statistic	That statistic surprised everyone.
imaginary	He has an imaginary friend.
impress	She tried to impress her boss.
fashionable	She wore a fashionable dress.
circumstance	Under no circumstance should you lie.
curly	The dog has curly fur.
admire	I admire your hard work.
summarize	Can you summarize the article?
polite	It is polite to say thank you.
seventeen	She turned seventeen last week.
whisper	Please whisper in the library.
unconscious	He was unconscious after the fall.
theirs	The blue house is theirs.
decorate	We decorate the tree together.
hers	That red coat is hers.
dislike	I dislike cold mornings.
punish	Parents should not punish too harshly.
stair	She sat on the bottom stair.
carrot	The rabbit ate a carrot.
persuade	Can you persuade him to come?
ashamed	He felt ashamed of his lie.
stare	Don't stare at strangers.
explode	The balloon will explode if pricked.
unpleasant	The smell was very unpleasant.
greet	She went to greet her guests.
businessman	The businessman flew to Tokyo.
downstairs	The children are playing downstairs.
cheerful	Her cheerful voice lifted my mood.
embarrassing	That was an embarrassing mistake.
annoyed	He was annoyed by the noise.
confuse	Don’t confuse the two twins.
afterward	We went to dinner afterward.
frightened	The loud noise frightened the cat.
embarrassed	She felt embarrassed about her mistake.
frightening	The horror movie was frightening.
annoy	His constant tapping will annoy me.
loudly	He laughed loudly in the quiet room.
depressing	The rainy weather is depressing.
nineteen	She turned nineteen last Tuesday.
invent	He wants to invent a new gadget.
waiter	The waiter brought our drinks quickly.
policeman	The policeman helped the lost child.
offend	I didn't mean to offend you.
criticize	Don't criticize her cooking.
cupboard	The cups are in the cupboard.
poisonous	That snake is very poisonous.
careless	His careless driving caused the accident.
thirsty	After the run, I felt thirsty.
accuse	They accuse him of stealing.
dishonest	It's dishonest to lie about your age.
impatient	She grew impatient waiting for the bus.
pronounce	How do you pronounce this name?
kilometer	The store is one kilometer away.
sneaker	My left sneaker is untied.
grandparent	My grandparent tells great stories.
injure	Be careful not to injure yourself.
fasten	Please fasten your seatbelt.
frighten	Loud noises frighten the cat.
cannot	I cannot find my keys.
long-term	We need a long-term plan.
old-fashioned	She likes old-fashioned music.
t-shirt	He wore a blue t-shirt.
invest	She decided to invest in a small bakery.
definition	Please write a clear definition for this word.
